Workbook

Sheet 12_24
C1: Gesamt | D1: Inb. | E1: % | F1: Out. | G1: % | H1: >36 | I1: % | J1: <36 | K1: % | L1: 3 - 36 | M1: % | N1: < 3 | O1: % | P1: < 1 | Q1: % | R1: Inb spät | T1: % | U1: Out spät | V1: % | X1: WCH-R | Y1: WCH-S | Z1: WCH-C | AA1: Maas | AB1: Blind | AC1: Taub | AD1: Stre
C2: =M4 | D2: =H4 | E2: =#N/A | F2: =H5 | G2: =#N/A | H2: =M5 | I2: =#N/A | J2: =L5 | K2: =#N/A | L2: =K5 | M2: =#N/A | N2: =J5 | O2: =#N/A | P2: =I5 | Q2: =#N/A | X2: =X5 | Y2: =Y5 | Z2: =Z5 | AA2: =AA5 | AB2: =AB5 | AC2: =AC5 | AD2: =AD5 | AE2: =M5
A4: INb | H4: =SUMPRODUCT(SUBTOTAL(3,INDIRECT("I"&ROW(H7:H10130)))*(H7:H10130="Inbound")) | M4: =L5+M5 | X4: =X5+Y5+Z5+AA5+AB5+AC5+AD5
A5: Out | H5: =SUMPRODUCT(SUBTOTAL(3,INDIRECT("I"&ROW(H7:H10130)))*(H7:H10130="Outbound")) | I5: =SUBTOTAL(9,I7:I10130) | J5: =SUBTOTAL(9,J7:J10130) | K5: =SUBTOTAL(9,K7:K10130) | L5: =SUBTOTAL(9,L7:L10130) | M5: =SUBTOTAL(9,M7:M10130) | X5: =SUMPRODUCT(SUBTOTAL(3,INDIRECT("W"&ROW(7:10130)))*($W$7:$W$10130="R")) | Y5: =SUMPRODUCT(SUBTOTAL(3,INDIRECT("W"&ROW(7:10130)))*($W$7:$W$10130="S")) | Z5: =SUMPRODUCT(SUBTOTAL(3,INDIRECT("W"&ROW(7:10130)))*($W$7:$W$10130="C")) | AA5: =SUMPRODUCT(SUBTOTAL(3,INDIRECT("W"&ROW(7:10130)))*($W$7:$W$10130="M")) | AB5: =SUMPRODUCT(SUBTOTAL(3,INDIRECT("W"&ROW(7:10130)))*($W$7:$W$10130="B")) | AC5: =SUMPRODUCT(SUBTOTAL(3,INDIRECT("W"&ROW(7:10130)))*($W$7:$W$10130="T")) | AD5: =SUMPRODUCT(SUBTOTAL(3,INDIRECT("W"&ROW(7:10130)))*($W$7:$W$10130="ST"))
A6: Airline | B6: FlugNr. | C6: E-Datum | D6: Zeit | E6: M. am | F6: M. um | G6: Stunden | H6: InOut | I6: < 1 h | J6: 1-3 h | K6: 3 - 36 h | L6: <36 | M6: >36 h | N6: Sita | O6: E-Mail | P6: PSM | Q6: Staff | R6: Tel. | T6: von Airport | U6: von Airport | V6: WCH Art | W6: WCH Art | X6: WCH-R | Y6: WCH-S | Z6: WCH-C | AA6: Maas | AB6: Blind | AC6: Taub | AD6: Stre
A7: PC | B7: PC 5014 | C7: 01.12.2024 | D7: 00:20 | E7: 01.12.2024 | F7: 21:23 | G7: -21.05 | H7: Outbound | I7: 1 | J7: 0 | K7: 0 | L7: =I7+J7+K7 | M7: 0 | Q7: Ja | T7: AYT | U7: =VLOOKUP(T7,Destinations!$A$2:$C$550,2,0) | V7: WCHR | W7: =VLOOKUP(V7,'WCH Kat'!$A$1:$B$150,2,0)
A8: EW | B8: EW 5425 | C8: 01.12.2024 | D8: 00:40 | E8: 07.10.2024 | F8: 10:42 | G8: 1309.9667 | H8: Inbound | I8: 0 | J8: 0 | K8: 0 | L8: =I8+J8+K8 | M8: 1 | O8: Ja | T8: Las Palmas | U8: =VLOOKUP(T8,Destinations!$A$2:$C$550,2,0) | V8: WCHC | W8: =VLOOKUP(V8,'WCH Kat'!$A$1:$B$150,2,0)
A9: PC | B9: PC 1014 | C9: 01.12.2024 | D9: 00:55 | E9: 01.12.2024 | F9: 22:52 | G9: -21.95 | H9: Outbound | I9: 1 | J9: 0 | K9: 0 | L9: =I9+J9+K9 | M9: 0 | Q9: Ja | T9: Istanbul-Sabiha Gökcen | U9: =VLOOKUP(T9,Destinations!$A$2:$C$550,2,0) | V9: WCHS | W9: =VLOOKUP(V9,'WCH Kat'!$A$1:$B$150,2,0)
A10: NP | B10: NP 215 | C10: 01.12.2024 | D10: 08:11 | E10: 01.12.2024 | F10: 08:26 | G10: -0.25 | H10: Inbound | I10: 1 | J10: 0 | K10: 0 | L10: =I10+J10+K10 | M10: 0 | P10: Ja | T10: CAI | U10: =VLOOKUP(T10,Destinations!$A$2:$C$550,2,0) | V10: WCHC | W10: =VLOOKUP(V10,'WCH Kat'!$A$1:$B$150,2,0)
A11: NP | B11: NP 215 | C11: 01.12.2024 | D11: 08:11 | E11: 01.12.2024 | F11: 08:34 | G11: -0.38333 | H11: Inbound | I11: 1 | J11: 0 | K11: 0 | L11: =I11+J11+K11 | M11: 0 | R11: Ja | T11: CAI | U11: =VLOOKUP(T11,Destinations!$A$2:$C$550,2,0) | V11: WCHS | W11: =VLOOKUP(V11,'WCH Kat'!$A$1:$B$150,2,0)
A12: OS | B12: OS 195 | C12: 01.12.2024 | D12: 19:25 | E12: 01.12.2024 | F12: 19:45 | G12: -0.33333 | H12: Inbound | I12: 1 | J12: 0 | K12: 0 | L12: =I12+J12+K12 | M12: 0 | R12: Ja | T12: VIE | U12: =VLOOKUP(T12,Destinations!$A$2:$C$550,2,0) | V12: WCHR | W12: =VLOOKUP(V12,'WCH Kat'!$A$1:$B$150,2,0)
A13: BA | B13: BA 998 | C13: 02.12.2024 | D13: 18:25 | E13: 02.12.2024 | F13: 19:00 | G13: -0.58333 | H13: Inbound | I13: 1 | J13: 0 | K13: 0 | L13: =I13+J13+K13 | M13: 0 | P13: Ja | T13: LHR | U13: =VLOOKUP(T13,Destinations!$A$2:$C$550,2,0) | V13: WCHR | W13: =VLOOKUP(V13,'WCH Kat'!$A$1:$B$150,2,0)
A14: DI | B14: DI 6174 | C14: 04.12.2024 | D14: 09:40 | E14: 25.09.2024 | F14: 17:30 | G14: 1672.1667 | H14: Outbound | I14: 0 | J14: 0 | K14: 0 | L14: =I14+J14+K14 | M14: 1 | R14: Ja | T14: Hurghada | U14: =VLOOKUP(T14,Destinations!$A$2:$C$550,2,0) | V14: WCHS | W14: =VLOOKUP(V14,'WCH Kat'!$A$1:$B$150,2,0)
A15: PC | B15: PC 5014 | C15: 06.12.2024 | D15: 00:20 | E15: 06.12.2024 | F15: 22:37 | G15: -22.28333 | H15: Outbound | I15: 1 | J15: 0 | K15: 0 | L15: =I15+J15+K15 | M15: 0 | P15: Ja | T15: Antalya | U15: =VLOOKUP(T15,Destinations!$A$2:$C$550,2,0) | V15: WCHR | W15: =VLOOKUP(V15,'WCH Kat'!$A$1:$B$150,2,0)
A16: XC | B16: XC 1052 | C16: 06.12.2024 | D16: 13:20 | E16: 06.12.2024 | F16: 13:35 | G16: -0.25 | H16: Inbound | I16: 1 | J16: 0 | K16: 0 | L16: =I16+J16+K16 | M16: 0 | R16: Ja | T16: Antalya | U16: =VLOOKUP(T16,Destinations!$A$2:$C$550,2,0) | V16: WCHS | W16: =VLOOKUP(V16,'WCH Kat'!$A$1:$B$150,2,0)
A17: EW | B17: EW 817 | C17: 07.12.2024 | D17: 13:10 | E17: 07.12.2024 | F17: 21:25 | G17: -8.25 | H17: Inbound | I17: 1 | J17: 0 | K17: 0 | L17: =I17+J17+K17 | M17: 0 | R17: Ja | T17: CTA | U17: =VLOOKUP(T17,Destinations!$A$2:$C$550,2,0) | V17: WCHS | W17: =VLOOKUP(V17,'WCH Kat'!$A$1:$B$150,2,0)
A18: EW | B18: EW 817 | C18: 07.12.2024 | D18: 13:10 | E18: 07.12.2024 | F18: 21:25 | G18: -8.25 | H18: Inbound | I18: 1 | J18: 0 | K18: 0 | L18: =I18+J18+K18 | M18: 0 | R18: Ja | T18: CTA | U18: =VLOOKUP(T18,Destinations!$A$2:$C$550,2,0) | V18: WCHS | W18: =VLOOKUP(V18,'WCH Kat'!$A$1:$B$150,2,0)
A19: EW | B19: EW 817 | C19: 07.12.2024 | D19: 13:10 | E19: 07.12.2024 | F19: 21:25 | G19: -8.25 | H19: Inbound | I19: 1 | J19: 0 | K19: 0 | L19: =I19+J19+K19 | M19: 0 | R19: Ja | T19: CTA | U19: =VLOOKUP(T19,Destinations!$A$2:$C$550,2,0) | V19: WCHS | W19: =VLOOKUP(V19,'WCH Kat'!$A$1:$B$150,2,0)
A20: FR | B20: FR 1089 | C20: 08.12.2024 | D20: 00:20 | E20: 08.12.2024 | F20: 00:54 | G20: -0.56667 | H20: Inbound | I20: 1 | J20: 0 | K20: 0 | L20: =I20+J20+K20 | M20: 0 | R20: Ja | T20: Dublin | U20: =VLOOKUP(T20,Destinations!$A$2:$C$550,2,0) | V20: WCHS | W20: =VLOOKUP(V20,'WCH Kat'!$A$1:$B$150,2,0)
A21: FR | B21: FR ??? | C21: 08.12.2024 | D21: 00:20 | E21: 08.12.2024 | F21: 00:54 | G21: -0.56667 | H21: Inbound | I21: 1 | J21: 0 | K21: 0 | L21: =I21+J21+K21 | M21: 0 | R21: Ja | T21: Dublin | U21: =VLOOKUP(T21,Destinations!$A$2:$C$550,2,0) | V21: WCHS | W21: =VLOOKUP(V21,'WCH Kat'!$A$1:$B$150,2,0)
A22: FR | B22: FR ??? | C22: 08.12.2024 | D22: 00:20 | E22: 08.12.2024 | F22: 00:54 | G22: -0.56667 | H22: Inbound | I22: 1 | J22: 0 | K22: 0 | L22: =I22+J22+K22 | M22: 0 | R22: Ja | T22: Dublin | U22: =VLOOKUP(T22,Destinations!$A$2:$C$550,2,0) | V22: WCHS | W22: =VLOOKUP(V22,'WCH Kat'!$A$1:$B$150,2,0)
A23: FR | B23: FR ??? | C23: 08.12.2024 | D23: 00:20 | E23: 08.12.2024 | F23: 00:54 | G23: -0.56667 | H23: Inbound | I23: 1 | J23: 0 | K23: 0 | L23: =I23+J23+K23 | M23: 0 | R23: Ja | T23: Dublin | U23: =VLOOKUP(T23,Destinations!$A$2:$C$550,2,0) | V23: WCHS | W23: =VLOOKUP(V23,'WCH Kat'!$A$1:$B$150,2,0)
A24: FR | B24: FR ??? | C24: 08.12.2024 | D24: 01:00 | E24: 08.12.2024 | F24: 01:27 | G24: -0.45 | H24: Inbound | I24: 1 | J24: 0 | K24: 0 | L24: =I24+J24+K24 | M24: 0 | R24: Ja | T24: STN | U24: =VLOOKUP(T24,Destinations!$A$2:$C$550,2,0) | V24: WCHR | W24: =VLOOKUP(V24,'WCH Kat'!$A$1:$B$150,2,0)
A25: FR | B25: FR ??? | C25: 08.12.2024 | D25: 01:00 | E25: 08.12.2024 | F25: 01:27 | G25: -0.45 | H25: Inbound | I25: 1 | J25: 0 | K25: 0 | L25: =I25+J25+K25 | M25: 0 | R25: Ja | T25: STN | U25: =VLOOKUP(T25,Destinations!$A$2:$C$550,2,0) | V25: WCHR | W25: =VLOOKUP(V25,'WCH Kat'!$A$1:$B$150,2,0)
A26: FR | B26: FR ??? | C26: 08.12.2024 | D26: 01:00 | E26: 08.12.2024 | F26: 01:27 | G26: -0.45 | H26: Inbound | I26: 1 | J26: 0 | K26: 0 | L26: =I26+J26+K26 | M26: 0 | R26: Ja | T26: STN | U26: =VLOOKUP(T26,Destinations!$A$2:$C$550,2,0) | V26: WCHR | W26: =VLOOKUP(V26,'WCH Kat'!$A$1:$B$150,2,0)
A27: FR | B27: FR ??? | C27: 08.12.2024 | D27: 01:00 | E27: 08.12.2024 | F27: 01:27 | G27: -0.45 | H27: Inbound | I27: 1 | J27: 0 | K27: 0 | L27: =I27+J27+K27 | M27: 0 | R27: Ja | T27: STN | U27: =VLOOKUP(T27,Destinations!$A$2:$C$550,2,0) | V27: WCHR | W27: =VLOOKUP(V27,'WCH Kat'!$A$1:$B$150,2,0)
... A31: FR | B31: FR 2307 | C31: 10.12.2024 | D31: 19:05 | E31: 10.12.2024 | F31: 19:22 | G31: -0.28333 | H31: Inbound | I31: 1 | J31: 0 | K31: 0 | L31: =I31+J31+K31 | M31: 0 | R31: Ja | T31: Malaga | U31: =VLOOKUP(T31,Destinations!$A$2:$C$550,2,0) | V31: WCHC | W31: =VLOOKUP(V31,'WCH Kat'!$A$1:$B$150,2,0)
A32: FR | B32: FR 9840 | C32: 11.12.2024 | D32: 14:15 | E32: 26.11.2024 | F32: 16:48 | G32: 357.45 | H32: Outbound | I32: 0 | J32: 0 | K32: 0 | L32: =I32+J32+K32 | M32: 1 | O32: Ja | T32: Lissabon | U32: =VLOOKUP(T32,Destinations!$A$2:$C$550,2,0) | V32: WCHR | W32: =VLOOKUP(V32,'WCH Kat'!$A$1:$B$150,2,0)
A33: DI | B33: DI 6837 | C33: 12.12.2024 | D33: 18:25 | E33: 05.12.2024 | F33: 14:46 | G33: 171.65 | H33: Inbound | I33: 0 | J33: 0 | K33: 0 | L33: =I33+J33+K33 | M33: 1 | O33: Ja | T33: Teneriffa | U33: =VLOOKUP(T33,Destinations!$A$2:$C$550,2,0) | V33: WCHC | W33: =VLOOKUP(V33,'WCH Kat'!$A$1:$B$150,2,0)
A34: PC | B34: PC 5013 | C34: 13.12.2024 | D34: 21:40 | E34: 20.11.2024 | F34: 15:00 | G34: 558.66667 | H34: Inbound | I34: 0 | J34: 0 | K34: 0 | L34: =I34+J34+K34 | M34: 1 | R34: Ja | T34: Antalya | U34: =VLOOKUP(T34,Destinations!$A$2:$C$550,2,0) | V34: WCHS | W34: =VLOOKUP(V34,'WCH Kat'!$A$1:$B$150,2,0)
A35: FR | B35: FR 1355 | C35: 14.12.2024 | D35: 05:50 | E35: 06.12.2024 | F35: 10:55 | G35: 186.91667 | H35: Outbound | I35: 0 | J35: 0 | K35: 0 | L35: =I35+J35+K35 | M35: 1 | R35: Ja | T35: Alicante | U35: =VLOOKUP(T35,Destinations!$A$2:$C$550,2,0) | V35: WCHR | W35: =VLOOKUP(V35,'WCH Kat'!$A$1:$B$150,2,0)
A36: FR | B36: FR 303 | C36: 15.12.2024 | D36: 00:40 | E36: 15.12.2024 | F36: 00:59 | G36: -0.31667 | H36: Inbound | I36: 1 | J36: 0 | K36: 0 | L36: =I36+J36+K36 | M36: 0 | R36: Ja | T36: Las Palmas | U36: =VLOOKUP(T36,Destinations!$A$2:$C$550,2,0) | V36: WCHR | W36: =VLOOKUP(V36,'WCH Kat'!$A$1:$B$150,2,0)
A37: EW | B37: EW 789 | C37: 15.12.2024 | D37: 22:20 | E37: 20.11.2024 | F37: 18:41 | G37: 603.65 | H37: Inbound | I37: 0 | J37: 0 | K37: 0 | L37: =I37+J37+K37 | M37: 1 | O37: Ja | T37: Budapest | U37: =VLOOKUP(T37,Destinations!$A$2:$C$550,2,0) | V37: WCHS | W37: =VLOOKUP(V37,'WCH Kat'!$A$1:$B$150,2,0)
A38: TK | B38: TK 1675 | C38: 16.12.2024 | D38: 16:45 | E38: 02.12.2024 | F38: 13:45 | G38: 339 | H38: Inbound | I38: 0 | J38: 0 | K38: 0 | L38: =I38+J38+K38 | M38: 1 | N38: Ja | T38: IST | U38: =VLOOKUP(T38,Destinations!$A$2:$C$550,2,0) | V38: WCHR | W38: =VLOOKUP(V38,'WCH Kat'!$A$1:$B$150,2,0)
A39: PC | B39: PC 5014 | C39: 17.12.2024 | D39: 00:20 | E39: 17.12.2024 | F39: 22:45 | G39: -22.41667 | H39: Outbound | I39: 1 | J39: 0 | K39: 0 | L39: =I39+J39+K39 | M39: 0 | Q39: Ja | T39: AYT | U39: =VLOOKUP(T39,Destinations!$A$2:$C$550,2,0) | V39: WCHC | W39: =VLOOKUP(V39,'WCH Kat'!$A$1:$B$150,2,0)
A40: FR | B40: FR 2352 | C40: 18.12.2024 | E40: 18.12.2024 | F40: 08:45 | G40: -8.75 | H40: Inbound | I40: 1 | J40: 0 | K40: 0 | L40: =I40+J40+K40 | M40: 0 | R40: Ja | T40: London-Stansted | U40: =VLOOKUP(T40,Destinations!$A$2:$C$550,2,0) | V40: WCHR | W40: =VLOOKUP(V40,'WCH Kat'!$A$1:$B$150,2,0)
A41: LS1 | B41: LS1937 | C41: 18.12.2024 | D41: 17:06 | E41: 18.12.2024 | F41: 17:21 | G41: -0.25 | H41: Inbound | I41: 1 | J41: 0 | K41: 0 | L41: =I41+J41+K41 | M41: 0 | R41: Ja | T41: BHX | U41: =VLOOKUP(T41,Destinations!$A$2:$C$550,2,0) | V41: WCHS | W41: =VLOOKUP(V41,'WCH Kat'!$A$1:$B$150,2,0)
A42: PC | B42: PC 5014 | C42: 19.12.2024 | D42: 00:20 | E42: 19.12.2024 | F42: 21:57 | G42: -21.61667 | H42: Outbound | I42: 1 | J42: 0 | K42: 0 | L42: =I42+J42+K42 | M42: 0 | Q42: Ja | T42: Antalya | U42: =VLOOKUP(T42,Destinations!$A$2:$C$550,2,0) | V42: WCHS | W42: =VLOOKUP(V42,'WCH Kat'!$A$1:$B$150,2,0)
A43: XQ | B43: XQ 115 | C43: 19.12.2024 | D43: 00:45 | E43: 19.12.2024 | F43: 08:55 | G43: -8.16667 | H43: Outbound | I43: 1 | J43: 0 | K43: 0 | L43: =I43+J43+K43 | M43: 0 | N43: Ja | T43: AYT | U43: =VLOOKUP(T43,Destinations!$A$2:$C$550,2,0) | V43: WCHR | W43: =VLOOKUP(V43,'WCH Kat'!$A$1:$B$150,2,0)
A44: FR | B44: FR 1035 | C44: 19.12.2024 | D44: 06:00 | E44: 05.12.2024 | F44: 14:43 | G44: 327.28333 | H44: Outbound | I44: 0 | J44: 0 | K44: 0 | L44: =I44+J44+K44 | M44: 1 | O44: Ja | T44: Teneriffa | U44: =VLOOKUP(T44,Destinations!$A$2:$C$550,2,0) | V44: WCHR | W44: =VLOOKUP(V44,'WCH Kat'!$A$1:$B$150,2,0)
A45: XR | B45: XR 1093 | C45: 20.12.2024 | D45: 14:30 | E45: 09.12.2024 | F45: 15:45 | G45: 262.75 | H45: Outbound | I45: 0 | J45: 0 | K45: 0 | L45: =I45+J45+K45 | M45: 1 | R45: Ja | T45: HRG | U45: =VLOOKUP(T45,Destinations!$A$2:$C$550,2,0) | V45: DPNA,WCHS | W45: =VLOOKUP(V45,'WCH Kat'!$A$1:$B$150,2,0)
A46: XR | B46: XR 1093 | C46: 20.12.2024 | D46: 14:30 | E46: 09.12.2024 | F46: 15:45 | G46: 262.75 | H46: Outbound | I46: 0 | J46: 0 | K46: 0 | L46: =I46+J46+K46 | M46: 1 | R46: Ja | T46: HRG | U46: =VLOOKUP(T46,Destinations!$A$2:$C$550,2,0) | V46: WCHS | W46: =VLOOKUP(V46,'WCH Kat'!$A$1:$B$150,2,0)
A47: VF | B47: VF 089 | C47: 20.12.2024 | D47: 14:33 | E47: 20.12.2024 | F47: 14:47 | G47: -0.23333 | H47: Inbound | I47: 1 | J47: 0 | K47: 0 | L47: =I47+J47+K47 | M47: 0 | R47: Ja | T47: Istanbul-Sabiha Gökcen | U47: =VLOOKUP(T47,Destinations!$A$2:$C$550,2,0) | V47: WCHS | W47: =VLOOKUP(V47,'WCH Kat'!$A$1:$B$150,2,0)
A48: EW | B48: EW 981 | C48: 20.12.2024 | D48: 17:50 | E48: 20.12.2024 | F48: 18:08 | G48: -0.3 | H48: Inbound | I48: 1 | J48: 0 | K48: 0 | L48: =I48+J48+K48 | M48: 0 | R48: Ja | T48: Hurghada | U48: =VLOOKUP(T48,Destinations!$A$2:$C$550,2,0) | V48: WCHS | W48: =VLOOKUP(V48,'WCH Kat'!$A$1:$B$150,2,0)
A49: DE | B49: DE 6837 | C49: 21.12.2024 | D49: 16:55 | E49: 21.12.2024 | F49: 17:37 | G49: -0.7 | H49: Inbound | I49: 1 | J49: 0 | K49: 0 | L49: =I49+J49+K49 | M49: 0 | R49: Ja | T49: Teneriffa | U49: =VLOOKUP(T49,Destinations!$A$2:$C$550,2,0) | V49: WCHS | W49: =VLOOKUP(V49,'WCH Kat'!$A$1:$B$150,2,0)
A50: LS | B50: LS 1039 | C50: 21.12.2024 | D50: 18:10 | E50: 21.12.2024 | F50: 18:39 | G50: -0.48333 | H50: Inbound | I50: 1 | J50: 0 | K50: 0 | L50: =I50+J50+K50 | M50: 0 | R50: Ja | T50: Manchester | U50: =VLOOKUP(T50,Destinations!$A$2:$C$550,2,0) | V50: WCHS | W50: =VLOOKUP(V50,'WCH Kat'!$A$1:$B$150,2,0)
A51: LS | B51: LS 1039 | C51: 21.12.2024 | D51: 18:10 | E51: 21.12.2024 | F51: 18:39 | G51: -0.48333 | H51: Inbound | I51: 1 | J51: 0 | K51: 0 | L51: =I51+J51+K51 | M51: 0 | R51: Ja | T51: Manchester | U51: =VLOOKUP(T51,Destinations!$A$2:$C$550,2,0) | V51: WCHS | W51: =VLOOKUP(V51,'WCH Kat'!$A$1:$B$150,2,0)
A52: PC | B52: PC 5014 | C52: 22.12.2024 | D52: 00:20 | E52: 22.12.2024 | F52: 21:51 | G52: -21.51667 | H52: Outbound | I52: 1 | J52: 0 | K52: 0 | L52: =I52+J52+K52 | M52: 0 | Q52: Ja | T52: AYT | U52: =VLOOKUP(T52,Destinations!$A$2:$C$550,2,0) | V52: WCHS | W52: =VLOOKUP(V52,'WCH Kat'!$A$1:$B$150,2,0)
A53: PC | B53: PC 5014 | C53: 22.12.2024 | D53: 00:20 | E53: 22.12.2024 | F53: 22:27 | G53: -22.11667 | H53: Outbound | I53: 1 | J53: 0 | K53: 0 | L53: =I53+J53+K53 | M53: 0 | Q53: Ja | T53: AYT | U53: =VLOOKUP(T53,Destinations!$A$2:$C$550,2,0) | V53: WCHS | W53: =VLOOKUP(V53,'WCH Kat'!$A$1:$B$150,2,0)
A54: XQ | B54: XQ 115 | C54: 22.12.2024 | D54: 00:45 | E54: 22.12.2024 | F54: 21:06 | G54: -20.35 | H54: Outbound | I54: 1 | J54: 0 | K54: 0 | L54: =I54+J54+K54 | M54: 0 | Q54: Ja | T54: AYT | U54: =VLOOKUP(T54,Destinations!$A$2:$C$550,2,0) | V54: WCHS | W54: =VLOOKUP(V54,'WCH Kat'!$A$1:$B$150,2,0)
A55: XQ | B55: XQ 115 | C55: 22.12.2024 | D55: 00:45 | E55: 22.12.2024 | F55: 21:32 | G55: -20.78333 | H55: Outbound | I55: 1 | J55: 0 | K55: 0 | L55: =I55+J55+K55 | M55: 0 | Q55: Ja | T55: AYT | U55: =VLOOKUP(T55,Destinations!$A$2:$C$550,2,0) | V55: WCHS | W55: =VLOOKUP(V55,'WCH Kat'!$A$1:$B$150,2,0)
A56: PC | B56: PC 1014 | C56: 22.12.2024 | D56: 00:55 | E56: 22.12.2024 | F56: 22:00 | G56: -21.08333 | H56: Outbound | I56: 1 | J56: 0 | K56: 0 | L56: =I56+J56+K56 | M56: 0 | Q56: Ja | T56: Istanbul-Sabiha Gökcen | U56: =VLOOKUP(T56,Destinations!$A$2:$C$550,2,0) | V56: WCHS | W56: =VLOOKUP(V56,'WCH Kat'!$A$1:$B$150,2,0)
A57: PC | B57: PC 5014 | C57: 22.12.2024 | D57: 02:10 | E57: 05.12.2024 | F57: 08:47 | G57: 401.38333 | H57: Outbound | I57: 0 | J57: 0 | K57: 0 | L57: =I57+J57+K57 | M57: 1 | R57: Ja | T57: Antalya | U57: =VLOOKUP(T57,Destinations!$A$2:$C$550,2,0) | V57: WCHS | W57: =VLOOKUP(V57,'WCH Kat'!$A$1:$B$150,2,0)
A58: PC | B58: PC 5014 | C58: 22.12.2024 | D58: 02:10 | E58: 05.12.2024 | F58: 08:47 | G58: 401.38333 | H58: Outbound | I58: 0 | J58: 0 | K58: 0 | L58: =I58+J58+K58 | M58: 1 | R58: Ja | T58: Antalya | U58: =VLOOKUP(T58,Destinations!$A$2:$C$550,2,0) | V58: WCHR | W58: =VLOOKUP(V58,'WCH Kat'!$A$1:$B$150,2,0)
A59: C3 | B59: C3 6062 | C59: 22.12.2024 | D59: 21:25 | E59: 22.12.2024 | F59: 21:40 | G59: -0.25 | H59: Inbound | I59: 1 | J59: 0 | K59: 0 | L59: =I59+J59+K59 | M59: 0 | R59: Ja | T59: PRN | U59: =VLOOKUP(T59,Destinations!$A$2:$C$550,2,0) | V59: WCHS | W59: =VLOOKUP(V59,'WCH Kat'!$A$1:$B$150,2,0)
A60: PC | B60: PC 5014 | C60: 24.12.2024 | D60: 00:20 | E60: 24.12.2024 | F60: 21:32 | G60: -21.2 | H60: Outbound | I60: 1 | J60: 0 | K60: 0 | L60: =I60+J60+K60 | M60: 0 | Q60: Ja | T60: Antalya | U60: =VLOOKUP(T60,Destinations!$A$2:$C$550,2,0) | V60: WCHS | W60: =VLOOKUP(V60,'WCH Kat'!$A$1:$B$150,2,0)
A61: PC | B61: PC 5014 | C61: 24.12.2024 | D61: 00:20 | E61: 24.12.2024 | F61: 21:32 | G61: -21.2 | H61: Outbound | I61: 1 | J61: 0 | K61: 0 | L61: =I61+J61+K61 | M61: 0 | Q61: Ja | T61: Antalya | U61: =VLOOKUP(T61,Destinations!$A$2:$C$550,2,0) | V61: WCHC | W61: =VLOOKUP(V61,'WCH Kat'!$A$1:$B$150,2,0)
A62: PC | B62: PC 5014 | C62: 24.12.2024 | D62: 00:20 | E62: 24.12.2024 | F62: 22:01 | G62: -21.68333 | H62: Outbound | I62: 1 | J62: 0 | K62: 0 | L62: =I62+J62+K62 | M62: 0 | Q62: Ja | T62: Antalya | U62: =VLOOKUP(T62,Destinations!$A$2:$C$550,2,0) | V62: WCHS | W62: =VLOOKUP(V62,'WCH Kat'!$A$1:$B$150,2,0)
A63: SM | B63: SM 2912 | C63: 24.12.2024 | D63: 02:10 | E63: 27.11.2024 | F63: 14:16 | G63: 635.9 | H63: Inbound | I63: 0 | J63: 0 | K63: 0 | L63: =I63+J63+K63 | M63: 1 | O63: Ja | T63: Hurghada | U63: =VLOOKUP(T63,Destinations!$A$2:$C$550,2,0) | V63: WCHR | W63: =VLOOKUP(V63,'WCH Kat'!$A$1:$B$150,2,0)
A64: XQ | B64: XQ 115 | C64: 25.12.2024 | D64: 00:45 | E64: 25.12.2024 | F64: 23:16 | G64: -22.51667 | H64: Outbound | I64: 1 | J64: 0 | K64: 0 | L64: =I64+J64+K64 | M64: 0 | Q64: Ja | T64: Antalya | U64: =VLOOKUP(T64,Destinations!$A$2:$C$550,2,0) | V64: WCHR | W64: =VLOOKUP(V64,'WCH Kat'!$A$1:$B$150,2,0)
A65: XQ | B65: XQ 115 | C65: 26.12.2024 | D65: 00:45 | E65: 27.12.2024 | F65: 22:22 | G65: -45.61667 | H65: Outbound | I65: 1 | J65: 0 | K65: 0 | L65: =I65+J65+K65 | M65: 0 | Q65: Ja | T65: AYT | U65: =VLOOKUP(T65,Destinations!$A$2:$C$550,2,0) | V65: WCHS | W65: =VLOOKUP(V65,'WCH Kat'!$A$1:$B$150,2,0)
A66: VF | B66: VF 091 | C66: 27.12.2024 | D66: 01:58 | E66: 27.12.2024 | F66: 23:30 | G66: -21.53333 | H66: Inbound | I66: 1 | J66: 0 | K66: 0 | L66: =I66+J66+K66 | M66: 0 | P66: Ja | T66: SAW | U66: =VLOOKUP(T66,Destinations!$A$2:$C$550,2,0) | V66: WCHS | W66: =VLOOKUP(V66,'WCH Kat'!$A$1:$B$150,2,0)
A67: FR | B67: FR 1548 | C67: 27.12.2024 | D67: 19:40 | E67: 27.12.2024 | F67: 19:51 | G67: -0.18333 | H67: Inbound | I67: 1 | J67: 0 | K67: 0 | L67: =I67+J67+K67 | M67: 0 | R67: Ja | T67: TFS | U67: =VLOOKUP(T67,Destinations!$A$2:$C$550,2,0) | V67: WCHR | W67: =VLOOKUP(V67,'WCH Kat'!$A$1:$B$150,2,0)
A68: FR | B68: FR 1548 | C68: 27.12.2024 | D68: 19:40 | E68: 27.12.2024 | F68: 19:51 | G68: -0.18333 | H68: Inbound | I68: 1 | J68: 0 | K68: 0 | L68: =I68+J68+K68 | M68: 0 | R68: Ja | T68: TFS | U68: =VLOOKUP(T68,Destinations!$A$2:$C$550,2,0) | V68: WCHS | W68: =VLOOKUP(V68,'WCH Kat'!$A$1:$B$150,2,0)
A69: FR | B69: FR 5672 | C69: 27.12.2024 | D69: 19:43 | E69: 27.12.2024 | F69: 19:50 | G69: -0.11667 | H69: Inbound | I69: 1 | J69: 0 | K69: 0 | L69: =I69+J69+K69 | M69: 0 | R69: Ja | T69: AGP | U69: =VLOOKUP(T69,Destinations!$A$2:$C$550,2,0) | V69: WCHR | W69: =VLOOKUP(V69,'WCH Kat'!$A$1:$B$150,2,0)
A70: FR | B70: FR 5672 | C70: 27.12.2024 | D70: 19:43 | E70: 27.12.2024 | F70: 19:50 | G70: -0.11667 | H70: Inbound | I70: 1 | J70: 0 | K70: 0 | L70: =I70+J70+K70 | M70: 0 | R70: Ja | T70: AGP | U70: =VLOOKUP(T70,Destinations!$A$2:$C$550,2,0) | V70: WCHS | W70: =VLOOKUP(V70,'WCH Kat'!$A$1:$B$150,2,0)
A71: FR | B71: FR 8621 | C71: 28.12.2024 | D71: 12:05 | E71: 28.12.2024 | F71: 12:16 | G71: -0.18333 | H71: Inbound | I71: 1 | J71: 0 | K71: 0 | L71: =I71+J71+K71 | M71: 0 | R71: Ja | T71: Tanger | U71: =VLOOKUP(T71,Destinations!$A$2:$C$550,2,0) | V71: WCHR | W71: =VLOOKUP(V71,'WCH Kat'!$A$1:$B$150,2,0)
A72: FR | B72: FR 8621 | C72: 28.12.2024 | D72: 12:05 | E72: 28.12.2024 | F72: 12:16 | G72: -0.18333 | H72: Inbound | I72: 1 | J72: 0 | K72: 0 | L72: =I72+J72+K72 | M72: 0 | R72: Ja | T72: Tanger | U72: =VLOOKUP(T72,Destinations!$A$2:$C$550,2,0) | V72: WCHR | W72: =VLOOKUP(V72,'WCH Kat'!$A$1:$B$150,2,0)
A73: FR | B73: FR 5681 | C73: 28.12.2024 | D73: 21:30 | E73: 28.12.2024 | F73: 21:56 | G73: -0.43333 | H73: Inbound | I73: 1 | J73: 0 | K73: 0 | L73: =I73+J73+K73 | M73: 0 | R73: Ja | T73: London-Stansted | U73: =VLOOKUP(T73,Destinations!$A$2:$C$550,2,0) | V73: WCHR | W73: =VLOOKUP(V73,'WCH Kat'!$A$1:$B$150,2,0)
A74: EW | B74: EW 980 | C74: 29.12.2024 | D74: 07:20 | E74: 20.12.2024 | F74: 16:20 | G74: 207 | H74: Outbound | I74: 0 | J74: 0 | K74: 0 | L74: =I74+J74+K74 | M74: 1 | O74: Ja | T74: Hurghada | U74: =VLOOKUP(T74,Destinations!$A$2:$C$550,2,0) | V74: WCHS | W74: =VLOOKUP(V74,'WCH Kat'!$A$1:$B$150,2,0)
A75: DE | B75: DE 1405 | C75: 30.12.2024 | D75: 00:30 | E75: 30.12.2024 | F75: 01:04 | G75: -0.56667 | H75: Inbound | I75: 1 | J75: 0 | K75: 0 | L75: =I75+J75+K75 | M75: 0 | R75: Ja | T75: Las Palmas | U75: =VLOOKUP(T75,Destinations!$A$2:$C$550,2,0) | V75: WCHS | W75: =VLOOKUP(V75,'WCH Kat'!$A$1:$B$150,2,0)
A76: DE | B76: DE 1405 | C76: 30.12.2024 | D76: 00:30 | E76: 30.12.2024 | F76: 01:04 | G76: -0.56667 | H76: Inbound | I76: 1 | J76: 0 | K76: 0 | L76: =I76+J76+K76 | M76: 0 | R76: Ja | T76: Las Palmas | U76: =VLOOKUP(T76,Destinations!$A$2:$C$550,2,0) | V76: WCHS | W76: =VLOOKUP(V76,'WCH Kat'!$A$1:$B$150,2,0)
A77: DE | B77: DE 1405 | C77: 30.12.2024 | D77: 00:30 | E77: 30.12.2024 | F77: 01:04 | G77: -0.56667 | H77: Inbound | I77: 1 | J77: 0 | K77: 0 | L77: =I77+J77+K77 | M77: 0 | R77: Ja | T77: Las Palmas | U77: =VLOOKUP(T77,Destinations!$A$2:$C$550,2,0) | V77: WCHR | W77: =VLOOKUP(V77,'WCH Kat'!$A$1:$B$150,2,0)
A78: DE | B78: DE 1405 | C78: 30.12.2024 | D78: 00:30 | E78: 30.12.2024 | F78: 01:04 | G78: -0.56667 | H78: Inbound | I78: 1 | J78: 0 | K78: 0 | L78: =I78+J78+K78 | M78: 0 | R78: Ja | T78: Las Palmas | U78: =VLOOKUP(T78,Destinations!$A$2:$C$550,2,0) | V78: WCHR | W78: =VLOOKUP(V78,'WCH Kat'!$A$1:$B$150,2,0)
A79: DE | B79: DE 1405 | C79: 30.12.2024 | D79: 00:30 | E79: 30.12.2024 | F79: 01:04 | G79: -0.56667 | H79: Inbound | I79: 1 | J79: 0 | K79: 0 | L79: =I79+J79+K79 | M79: 0 | R79: Ja | T79: Las Palmas | U79: =VLOOKUP(T79,Destinations!$A$2:$C$550,2,0) | V79: WCHS | W79: =VLOOKUP(V79,'WCH Kat'!$A$1:$B$150,2,0)
A80: DE | B80: DE 1405 | C80: 30.12.2024 | D80: 00:30 | E80: 30.12.2024 | F80: 01:04 | G80: -0.56667 | H80: Inbound | I80: 1 | J80: 0 | K80: 0 | L80: =I80+J80+K80 | M80: 0 | R80: Ja | T80: Las Palmas | U80: =VLOOKUP(T80,Destinations!$A$2:$C$550,2,0) | V80: WCHS | W80: =VLOOKUP(V80,'WCH Kat'!$A$1:$B$150,2,0)
A81: NE | B81: NE 7128 | C81: 30.12.2024 | D81: 00:45 | E81: 18.12.2024 | F81: 20:30 | G81: 268.25 | H81: Inbound | I81: 0 | J81: 0 | K81: 0 | L81: =I81+J81+K81 | M81: 1 | O81: Ja | T81: Hurghada | U81: =VLOOKUP(T81,Destinations!$A$2:$C$550,2,0) | V81: WCHS | W81: =VLOOKUP(V81,'WCH Kat'!$A$1:$B$150,2,0)
A82: XC | B82: XC 1018 | C82: 30.12.2024 | D82: 13:10 | E82: 30.12.2024 | F82: 13:17 | G82: -0.11667 | H82: Inbound | I82: 1 | J82: 0 | K82: 0 | L82: =I82+J82+K82 | M82: 0 | R82: Ja | T82: Antalya | U82: =VLOOKUP(T82,Destinations!$A$2:$C$550,2,0) | V82: WCHS | W82: =VLOOKUP(V82,'WCH Kat'!$A$1:$B$150,2,0)
A83: EW | B83: EW 383 | C83: 01.12.2024 | D83: 00:10 | E83: 29.11.2024 | F83: 08:55 | G83: 39.25 | H83: Inbound | I83: 0 | J83: 0 | K83: 0 | L83: =I83+J83+K83 | M83: 1 | N83: Ja | T83: TUN | U83: =VLOOKUP(T83,Destinations!$A$2:$C$550,2,0) | V83: WCHS | W83: =VLOOKUP(V83,'WCH Kat'!$A$1:$B$150,2,0)
A84: PC | B84: PC 5014 | C84: 01.12.2024 | D84: 00:20 | E84: 28.11.2024 | F84: 22:30 | G84: 49.83333 | H84: Outbound | I84: 0 | J84: 0 | K84: 0 | L84: =I84+J84+K84 | M84: 1 | N84: Ja | T84: AYT | U84: =VLOOKUP(T84,Destinations!$A$2:$C$550,2,0) | V84: WCHR | W84: =VLOOKUP(V84,'WCH Kat'!$A$1:$B$150,2,0)
A85: PC | B85: PC 5014 | C85: 01.12.2024 | D85: 00:20 | E85: 28.11.2024 | F85: 22:30 | G85: 49.83333 | H85: Outbound | I85: 0 | J85: 0 | K85: 0 | L85: =I85+J85+K85 | M85: 1 | N85: Ja | T85: AYT | U85: =VLOOKUP(T85,Destinations!$A$2:$C$550,2,0) | V85: WCHS | W85: =VLOOKUP(V85,'WCH Kat'!$A$1:$B$150,2,0)
A86: PC | B86: PC 5014 | C86: 01.12.2024 | D86: 00:20 | E86: 30.11.2024 | F86: 20:55 | G86: 3.41667 | H86: Outbound | I86: 0 | J86: 0 | K86: 1 | L86: =I86+J86+K86 | M86: 0 | Q86: Ja | T86: AYT | U86: =VLOOKUP(T86,Destinations!$A$2:$C$550,2,0) | V86: WCHR | W86: =VLOOKUP(V86,'WCH Kat'!$A$1:$B$150,2,0)
A87: EW | B87: EW 383 | C87: 01.12.2024 | D87: 00:30 | E87: 29.11.2024 | F87: 08:55 | G87: 39.58333 | H87: Inbound | I87: 0 | J87: 0 | K87: 0 | L87: =I87+J87+K87 | M87: 1 | N87: Ja | T87: TUN | U87: =VLOOKUP(T87,Destinations!$A$2:$C$550,2,0) | V87: WCHR | W87: =VLOOKUP(V87,'WCH Kat'!$A$1:$B$150,2,0)
A88: EW | B88: EW 383 | C88: 01.12.2024 | D88: 00:30 | E88: 29.11.2024 | F88: 08:55 | G88: 39.58333 | H88: Inbound | I88: 0 | J88: 0 | K88: 0 | L88: =I88+J88+K88 | M88: 1 | N88: Ja | T88: TUN | U88: =VLOOKUP(T88,Destinations!$A$2:$C$550,2,0) | V88: WCHS | W88: =VLOOKUP(V88,'WCH Kat'!$A$1:$B$150,2,0)
A89: EW | B89: EW 383 | C89: 01.12.2024 | D89: 00:30 | E89: 29.11.2024 | F89: 08:55 | G89: 39.58333 | H89: Inbound | I89: 0 | J89: 0 | K89: 0 | L89: =I89+J89+K89 | M89: 1 | N89: Ja | T89: TUN | U89: =VLOOKUP(T89,Destinations!$A$2:$C$550,2,0) | V89: WCHS | W89: =VLOOKUP(V89,'WCH Kat'!$A$1:$B$150,2,0)
A90: EW | B90: EW 383 | C90: 01.12.2024 | D90: 00:30 | E90: 29.11.2024 | F90: 08:55 | G90: 39.58333 | H90: Inbound | I90: 0 | J90: 0 | K90: 0 | L90: =I90+J90+K90 | M90: 1 | N90: Ja | T90: TUN | U90: =VLOOKUP(T90,Destinations!$A$2:$C$550,2,0) | V90: WCHS | W90: =VLOOKUP(V90,'WCH Kat'!$A$1:$B$150,2,0)
A91: PC | B91: PC 1014 | C91: 01.12.2024 | D91: 00:55 | E91: 28.11.2024 | F91: 23:05 | G91: 49.83333 | H91: Outbound | I91: 0 | J91: 0 | K91: 0 | L91: =I91+J91+K91 | M91: 1 | N91: Ja | T91: SAW | U91: =VLOOKUP(T91,Destinations!$A$2:$C$550,2,0) | V91: WCHR | W91: =VLOOKUP(V91,'WCH Kat'!$A$1:$B$150,2,0)
A92: PC | B92: PC 1014 | C92: 01.12.2024 | D92: 00:55 | E92: 28.11.2024 | F92: 23:05 | G92: 49.83333 | H92: Outbound | I92: 0 | J92: 0 | K92: 0 | L92: =I92+J92+K92 | M92: 1 | N92: Ja | T92: SAW | U92: =VLOOKUP(T92,Destinations!$A$2:$C$550,2,0) | V92: WCHR | W92: =VLOOKUP(V92,'WCH Kat'!$A$1:$B$150,2,0)
A93: PC | B93: PC 1014 | C93: 01.12.2024 | D93: 00:55 | E93: 28.11.2024 | F93: 23:05 | G93: 49.83333 | H93: Outbound | I93: 0 | J93: 0 | K93: 0 | L93: =I93+J93+K93 | M93: 1 | N93: Ja | T93: SAW | U93: =VLOOKUP(T93,Destinations!$A$2:$C$550,2,0) | V93: WCHS | W93: =VLOOKUP(V93,'WCH Kat'!$A$1:$B$150,2,0)
A94: PC | B94: PC 1014 | C94: 01.12.2024 | D94: 00:55 | E94: 28.11.2024 | F94: 23:05 | G94: 49.83333 | H94: Outbound | I94: 0 | J94: 0 | K94: 0 | L94: =I94+J94+K94 | M94: 1 | N94: Ja | T94: SAW | U94: =VLOOKUP(T94,Destinations!$A$2:$C$550,2,0) | V94: WCHS | W94: =VLOOKUP(V94,'WCH Kat'!$A$1:$B$150,2,0)
A95: PC | B95: PC 1014 | C95: 01.12.2024 | D95: 00:55 | E95: 30.11.2024 | F95: 22:22 | G95: 2.55 | H95: Outbound | I95: 0 | J95: 1 | K95: 0 | L95: =I95+J95+K95 | M95: 0 | Q95: Ja | T95: SAW | U95: =VLOOKUP(T95,Destinations!$A$2:$C$550,2,0) | V95: WCHS | W95: =VLOOKUP(V95,'WCH Kat'!$A$1:$B$150,2,0)
A96: PC | B96: PC 1014 | C96: 01.12.2024 | D96: 00:55 | E96: 30.11.2024 | F96: 22:57 | G96: 1.96667 | H96: Outbound | I96: 0 | J96: 1 | K96: 0 | L96: =I96+J96+K96 | M96: 0 | Q96: Ja | T96: SAW | U96: =VLOOKUP(T96,Destinations!$A$2:$C$550,2,0) | V96: WCHR | W96: =VLOOKUP(V96,'WCH Kat'!$A$1:$B$150,2,0)
A97: EW | B97: EW 271 | C97: 01.12.2024 | D97: 01:35 | E97: 29.11.2024 | F97: 07:15 | G97: 42.33333 | H97: Inbound | I97: 0 | J97: 0 | K97: 0 | L97: =I97+J97+K97 | M97: 1 | N97: Ja | T97: LPA | U97: =VLOOKUP(T97,Destinations!$A$2:$C$550,2,0) | V97: WCHS | W97: =VLOOKUP(V97,'WCH Kat'!$A$1:$B$150,2,0)
A98: VF | B98: VF 091 | C98: 01.12.2024 | D98: 01:40 | E98: 29.11.2024 | F98: 10:40 | G98: 39 | H98: Inbound | I98: 0 | J98: 0 | K98: 0 | L98: =I98+J98+K98 | M98: 1 | N98: Ja | T98: SAW | U98: =VLOOKUP(T98,Destinations!$A$2:$C$550,2,0) | V98: WCHC | W98: =VLOOKUP(V98,'WCH Kat'!$A$1:$B$150,2,0)
A99: VF | B99: VF 091 | C99: 01.12.2024 | D99: 02:45 | E99: 29.11.2024 | F99: 10:40 | G99: 40.08333 | H99: Inbound | I99: 0 | J99: 0 | K99: 0 | L99: =I99+J99+K99 | M99: 1 | N99: Ja | T99: SAW | U99: =VLOOKUP(T99,Destinations!$A$2:$C$550,2,0) | V99: WCHR | W99: =VLOOKUP(V99,'WCH Kat'!$A$1:$B$150,2,0)
A100: VF | B100: VF 091 | C100: 01.12.2024 | D100: 02:45 | E100: 30.11.2024 | F100: 23:18 | G100: 3.45 | H100: Inbound | I100: 0 | J100: 0 | K100: 1 | L100: =I100+J100+K100 | M100: 0 | P100: Ja | T100: SAW | U100: =VLOOKUP(T100,Destinations!$A$2:$C$550,2,0) | V100: WCHS | W100: =VLOOKUP(V100,'WCH Kat'!$A$1:$B$150,2,0)
A101: VF | B101: VF 091 | C101: 01.12.2024 | D101: 02:45 | E101: 30.11.2024 | F101: 23:18 | G101: 3.45 | H101: Inbound | I101: 0 | J101: 0 | K101: 1 | L101: =I101+J101+K101 | M101: 0 | P101: Ja | T101: SAW | U101: =VLOOKUP(T101,Destinations!$A$2:$C$550,2,0) | V101: WCHS | W101: =VLOOKUP(V101,'WCH Kat'!$A$1:$B$150,2,0)
A102: FR | B102: FR 2658 | C102: 01.12.2024 | D102: 06:00 | E102: 29.11.2024 | F102: 14:00 | G102: 40 | H102: Outbound | I102: 0 | J102: 0 | K102: 0 | L102: =I102+J102+K102 | M102: 1 | N102: Ja | T102: FAO | U102: =VLOOKUP(T102,Destinations!$A$2:$C$550,2,0) | V102: WCHS | W102: =VLOOKUP(V102,'WCH Kat'!$A$1:$B$150,2,0)
A103: VL | B103: VL 1999 | C103: 01.12.2024 | D103: 06:05 | E103: 29.11.2024 | F103: 17:10 | G103: 36.91667 | H103: Outbound | I103: 0 | J103: 0 | K103: 0 | L103: =I103+J103+K103 | M103: 1 | N103: Ja | T103: MUC | U103: =VLOOKUP(T103,Destinations!$A$2:$C$550,2,0) | V103: WCHS | W103: =VLOOKUP(V103,'WCH Kat'!$A$1:$B$150,2,0)
A104: VL | B104: VL 1999 | C104: 01.12.2024 | D104: 06:05 | E104: 29.11.2024 | F104: 17:10 | G104: 36.91667 | H104: Outbound | I104: 0 | J104: 0 | K104: 0 | L104: =I104+J104+K104 | M104: 1 | N104: Ja | T104: MUC | U104: =VLOOKUP(T104,Destinations!$A$2:$C$550,2,0) | V104: WCHS | W104: =VLOOKUP(V104,'WCH Kat'!$A$1:$B$150,2,0)
...

Sheet Destinations
A1: IATA | B1: Name
A2: ACE | B2: Arrecife
A3: ACH | B3: St. Gallen
A4: ADA | B4: Adana
A5: ADB | B5: Izmir
A6: AGA | B6: Agadir
A7: AGP | B7: Malaga
A8: AJR | B8: Arvidsjaur
A9: ALC | B9: Alicante
A10: AMS | B10: Amsterdam
A11: AOE | B11: Anadolu
A12: AOI | B12: Ancona
... A506: London | B506: London

Sheet WCH Kat
A1: IATA | B1: Name
A2: BLIND | B2: B
A3: BLND | B3: B
A4: DEAF | B4: S
A5: Dpax NoSho | B5: NO
A6: DPAXNOSHO | B6: NO
A7: DPNA | B7: M
A8: MAAS | B8: M
A9: MEDA | B9: C
A10: MEDAWCHS | B10: S
A11: MEQT | B11: C
A12: OP | B12: S
... A28: WCMP | B28: S

Sheet Einzelaufstellung_November_mast
C1: Gesamt | D1: Inb. | E1: % | F1: Out. | G1: % | H1: >36 | I1: % | J1: <36 | K1: % | L1: 3 - 36 | M1: % | N1: < 3 | O1: % | P1: < 1 | Q1: % | R1: Inb spät | T1: % | U1: Out spät | V1: % | X1: WCH-R | Y1: WCH-S | Z1: WCH-C | AA1: Maas | AB1: Blind | AC1: Taub | AD1: Stre
C2: =M4 | D2: =H4 | E2: =#N/A | F2: =H5 | G2: =#N/A | H2: =M5 | I2: =#N/A | J2: =L5 | K2: =#N/A | L2: =K5 | M2: =#N/A | N2: =J5 | O2: =#N/A | P2: =I5 | Q2: =#N/A | X2: =X5 | Y2: =Y5 | Z2: =Z5 | AA2: =AA5 | AB2: =AB5 | AC2: =AC5 | AD2: =AD5 | AE2: =M5
A4: INb | H4: =SUMPRODUCT(SUBTOTAL(3,INDIRECT("I"&ROW(H7:H10133)))*(H7:H10133="Inbound")) | M4: =L5+M5 | X4: =X5+Y5+Z5+AA5+AB5+AC5+AD5
A5: Out | H5: =SUMPRODUCT(SUBTOTAL(3,INDIRECT("I"&ROW(H7:H10133)))*(H7:H10133="Outbound")) | I5: =SUBTOTAL(9,I7:I10133) | J5: =SUBTOTAL(9,J7:J10133) | K5: =SUBTOTAL(9,K7:K10133) | L5: =SUBTOTAL(9,L7:L10133) | M5: =SUBTOTAL(9,M7:M10133) | X5: =SUMPRODUCT(SUBTOTAL(3,INDIRECT("W"&ROW(7:10133)))*($W$7:$W$10133="R")) | Y5: =SUMPRODUCT(SUBTOTAL(3,INDIRECT("W"&ROW(7:10133)))*($W$7:$W$10133="S")) | Z5: =SUMPRODUCT(SUBTOTAL(3,INDIRECT("W"&ROW(7:10133)))*($W$7:$W$10133="C")) | AA5: =SUMPRODUCT(SUBTOTAL(3,INDIRECT("W"&ROW(7:10133)))*($W$7:$W$10133="M")) | AB5: =SUMPRODUCT(SUBTOTAL(3,INDIRECT("W"&ROW(7:10133)))*($W$7:$W$10133="B")) | AC5: =SUMPRODUCT(SUBTOTAL(3,INDIRECT("W"&ROW(7:10133)))*($W$7:$W$10133="T")) | AD5: =SUMPRODUCT(SUBTOTAL(3,INDIRECT("W"&ROW(7:10133)))*($W$7:$W$10133="ST"))
A6: LVG | B6: FlugNr. | C6: E-Datum | D6: Zeit | E6: M. am | F6: M. um | G6: Stunden | H6: InOut | I6: < 1 h | J6: 1-3 h | K6: 3 - 36 h | L6: alle unter 36 | M6: > 36 h | N6: Sita | O6: E-Mail | P6: PSM | Q6: Staff | R6: Tel. | T6: von Airport | U6: von Airport | V6: WCH Art | W6: WCH Art | X6: WCH-R | Y6: WCH-S | Z6: WCH-C | AA6: Maas | AB6: Blind | AC6: Taub | AD6: Stre
A7: EW | B7: EW 383 | C7: 01.11.2023 | D7: 00:32 | E7: 16.08.2023 | F7: 14:54 | G7: 1833.6333 | H7: Inbound | I7: 0 | J7: 0 | K7: 0 | L7: =I7+J7+K7 | M7: 1 | O7: Ja | T7: Tunis | U7: =VLOOKUP(T7,Destinations!$A$2:$C$550,2,0) | V7: WCHS | W7: =VLOOKUP(V7,'WCH Kat'!$A$1:$B$150,2,0)
A8: EW | B8: EW 252 | C8: 01.11.2023 | D8: 12:30 | E8: 23.10.2023 | F8: 09:12 | G8: 219.3 | H8: Outbound | I8: 0 | J8: 0 | K8: 0 | L8: =I8+J8+K8 | M8: 1 | O8: Ja | T8: Teneriffa | U8: =VLOOKUP(T8,Destinations!$A$2:$C$550,2,0) | V8: WCHS | W8: =VLOOKUP(V8,'WCH Kat'!$A$1:$B$150,2,0)
A9: XQ | B9: XQ 115 | C9: 01.11.2023 | D9: 13:40 | E9: 19.10.2023 | F9: 15:31 | G9: 310.15 | H9: Outbound | I9: 0 | J9: 0 | K9: 0 | L9: =I9+J9+K9 | M9: 1 | R9: Ja | T9: Antalya | U9: =VLOOKUP(T9,Destinations!$A$2:$C$550,2,0) | V9: WCHS | W9: =VLOOKUP(V9,'WCH Kat'!$A$1:$B$150,2,0)
A10: XQ | B10: XQ 119 | C10: 02.11.2023 | D10: 00:30 | E10: 02.11.2023 | F10: 20:34 | G10: -20.06667 | H10: Outbound | I10: 1 | J10: 0 | K10: 0 | L10: =I10+J10+K10 | M10: 0 | Q10: Ja | T10: Antalya | U10: =VLOOKUP(T10,Destinations!$A$2:$C$550,2,0) | V10: WCHS | W10: =VLOOKUP(V10,'WCH Kat'!$A$1:$B$150,2,0)
A11: PC | B11: PC 5013 | C11: 02.11.2023 | D11: 01:57 | E11: 17.10.2023 | F11: 13:55 | G11: 372.03333 | H11: Inbound | I11: 0 | J11: 0 | K11: 0 | L11: =I11+J11+K11 | M11: 1 | R11: Ja | T11: Antalya | U11: =VLOOKUP(T11,Destinations!$A$2:$C$550,2,0) | V11: WCHS | W11: =VLOOKUP(V11,'WCH Kat'!$A$1:$B$150,2,0)
A12: PC | B12: PC 5013 | C12: 02.11.2023 | D12: 01:57 | E12: 01.01.2023 | F12: 21:20 | G12: 7300.6167 | H12: Inbound | I12: 0 | J12: 0 | K12: 0 | L12: =I12+J12+K12 | M12: 1 | P12: Ja | T12: Antalya | U12: =VLOOKUP(T12,Destinations!$A$2:$C$550,2,0) | V12: WCHS | W12: =VLOOKUP(V12,'WCH Kat'!$A$1:$B$150,2,0)
A13: PC | B13: PC 5013 | C13: 02.11.2023 | D13: 01:57 | E13: 01.01.2023 | F13: 21:20 | G13: 7300.6167 | H13: Inbound | I13: 0 | J13: 0 | K13: 0 | L13: =I13+J13+K13 | M13: 1 | P13: Ja | T13: Antalya | U13: =VLOOKUP(T13,Destinations!$A$2:$C$550,2,0) | V13: WCHS | W13: =VLOOKUP(V13,'WCH Kat'!$A$1:$B$150,2,0)
A14: PC | B14: PC 5013 | C14: 02.11.2023 | D14: 01:57 | E14: 01.01.2023 | F14: 21:20 | G14: 7300.6167 | H14: Inbound | I14: 0 | J14: 0 | K14: 0 | L14: =I14+J14+K14 | M14: 1 | P14: Ja | T14: Antalya | U14: =VLOOKUP(T14,Destinations!$A$2:$C$550,2,0) | V14: WCHS | W14: =VLOOKUP(V14,'WCH Kat'!$A$1:$B$150,2,0)
A15: XQ | B15: XQ 988 | C15: 02.11.2023 | D15: 06:00 | E15: 02.11.2023 | F15: 10:32 | G15: -4.53333 | H15: Inbound | I15: 1 | J15: 0 | K15: 0 | L15: =I15+J15+K15 | M15: 0 | R15: Ja | T15: ADB | U15: =VLOOKUP(T15,Destinations!$A$2:$C$550,2,0) | V15: WCHS | W15: =VLOOKUP(V15,'WCH Kat'!$A$1:$B$150,2,0)
A16: XQ | B16: XQ 988 | C16: 02.11.2023 | D16: 06:00 | E16: 02.11.2023 | F16: 10:32 | G16: -4.53333 | H16: Inbound | I16: 1 | J16: 0 | K16: 0 | L16: =I16+J16+K16 | M16: 0 | R16: Ja | T16: ADB | U16: =VLOOKUP(T16,Destinations!$A$2:$C$550,2,0) | V16: WCHS | W16: =VLOOKUP(V16,'WCH Kat'!$A$1:$B$150,2,0)
A17: XQ | B17: XQ 988 | C17: 02.11.2023 | D17: 06:00 | E17: 02.11.2023 | F17: 10:32 | G17: -4.53333 | H17: Inbound | I17: 1 | J17: 0 | K17: 0 | L17: =I17+J17+K17 | M17: 0 | R17: Ja | T17: ADB | U17: =VLOOKUP(T17,Destinations!$A$2:$C$550,2,0) | V17: WCHS | W17: =VLOOKUP(V17,'WCH Kat'!$A$1:$B$150,2,0)
A18: XQ | B18: XQ 988 | C18: 02.11.2023 | D18: 06:00 | E18: 02.11.2023 | F18: 10:32 | G18: -4.53333 | H18: Inbound | I18: 1 | J18: 0 | K18: 0 | L18: =I18+J18+K18 | M18: 0 | R18: Ja | T18: ADB | U18: =VLOOKUP(T18,Destinations!$A$2:$C$550,2,0) | V18: WCHS | W18: =VLOOKUP(V18,'WCH Kat'!$A$1:$B$150,2,0)
A19: XQ | B19: XQ 988 | C19: 02.11.2023 | D19: 06:00 | E19: 02.11.2023 | F19: 10:32 | G19: -4.53333 | H19: Inbound | I19: 1 | J19: 0 | K19: 0 | L19: =I19+J19+K19 | M19: 0 | R19: Ja | T19: ADB | U19: =VLOOKUP(T19,Destinations!$A$2:$C$550,2,0) | V19: WCHS | W19: =VLOOKUP(V19,'WCH Kat'!$A$1:$B$150,2,0)
A20: XQ | B20: XQ 988 | C20: 02.11.2023 | D20: 06:00 | E20: 02.11.2023 | F20: 10:32 | G20: -4.53333 | H20: Inbound | I20: 1 | J20: 0 | K20: 0 | L20: =I20+J20+K20 | M20: 0 | R20: Ja | T20: ADB | U20: =VLOOKUP(T20,Destinations!$A$2:$C$550,2,0) | V20: WCHS | W20: =VLOOKUP(V20,'WCH Kat'!$A$1:$B$150,2,0)
A21: XQ | B21: XQ 988 | C21: 02.11.2023 | D21: 06:00 | E21: 02.11.2023 | F21: 10:32 | G21: -4.53333 | H21: Inbound | I21: 1 | J21: 0 | K21: 0 | L21: =I21+J21+K21 | M21: 0 | R21: Ja | T21: ADB | U21: =VLOOKUP(T21,Destinations!$A$2:$C$550,2,0) | V21: WCHS | W21: =VLOOKUP(V21,'WCH Kat'!$A$1:$B$150,2,0)
A22: PC | B22: PC 1661 | C22: 02.11.2023 | D22: 06:30 | E22: 02.11.2023 | F22: 07:50 | G22: -1.33333 | H22: Inbound | I22: 1 | J22: 0 | K22: 0 | L22: =I22+J22+K22 | M22: 0 | R22: Ja | T22: tzx | U22: =VLOOKUP(T22,Destinations!$A$2:$C$550,2,0) | V22: UNK | W22: =VLOOKUP(V22,'WCH Kat'!$A$1:$B$150,2,0)
A23: PC | B23: PC 1661 | C23: 02.11.2023 | D23: 06:30 | E23: 02.11.2023 | F23: 07:50 | G23: -1.33333 | H23: Inbound | I23: 1 | J23: 0 | K23: 0 | L23: =I23+J23+K23 | M23: 0 | R23: Ja | T23: tzx | U23: =VLOOKUP(T23,Destinations!$A$2:$C$550,2,0) | V23: UNK | W23: =VLOOKUP(V23,'WCH Kat'!$A$1:$B$150,2,0)
A24: PC | B24: PC 1661 | C24: 02.11.2023 | D24: 06:30 | E24: 02.11.2023 | F24: 07:50 | G24: -1.33333 | H24: Inbound | I24: 1 | J24: 0 | K24: 0 | L24: =I24+J24+K24 | M24: 0 | R24: Ja | T24: tzx | U24: =VLOOKUP(T24,Destinations!$A$2:$C$550,2,0) | V24: UNK | W24: =VLOOKUP(V24,'WCH Kat'!$A$1:$B$150,2,0)
A25: PC | B25: PC 1661 | C25: 02.11.2023 | D25: 06:30 | E25: 02.11.2023 | F25: 07:50 | G25: -1.33333 | H25: Inbound | I25: 1 | J25: 0 | K25: 0 | L25: =I25+J25+K25 | M25: 0 | R25: Ja | T25: tzx | U25: =VLOOKUP(T25,Destinations!$A$2:$C$550,2,0) | V25: UNK | W25: =VLOOKUP(V25,'WCH Kat'!$A$1:$B$150,2,0)
A26: PC | B26: PC 1661 | C26: 02.11.2023 | D26: 06:30 | E26: 02.11.2023 | F26: 07:50 | G26: -1.33333 | H26: Inbound | I26: 1 | J26: 0 | K26: 0 | L26: =I26+J26+K26 | M26: 0 | R26: Ja | T26: tzx | U26: =VLOOKUP(T26,Destinations!$A$2:$C$550,2,0) | V26: UNK | W26: =VLOOKUP(V26,'WCH Kat'!$A$1:$B$150,2,0)
... A74: W6 | B74: W6 4091 | C74: 02.11.2023 | D74: 15:30 | E74: 02.11.2023 | F74: 16:10 | G74: -0.66667 | H74: Inbound | I74: 1 | J74: 0 | K74: 0 | L74: =I74+J74+K74 | M74: 0 | R74: Ja | T74: BEG | U74: =VLOOKUP(T74,Destinations!$A$2:$C$550,2,0) | V74: WCHS | W74: =VLOOKUP(V74,'WCH Kat'!$A$1:$B$150,2,0)
A75: FR | B75: FR 9323 | C75: 02.11.2023 | D75: 23:15 | E75: 02.11.2023 | F75: 23:24 | G75: -0.15 | H75: Inbound | I75: 1 | J75: 0 | K75: 0 | L75: =I75+J75+K75 | M75: 0 | P75: Ja | T75: Aqaba | U75: =VLOOKUP(T75,Destinations!$A$2:$C$550,2,0) | V75: WCHR | W75: =VLOOKUP(V75,'WCH Kat'!$A$1:$B$150,2,0)
A76: XQ | B76: XQ 119 | C76: 03.11.2023 | D76: 00:30 | E76: 03.11.2023 | F76: 21:16 | G76: -20.76667 | H76: Outbound | I76: 1 | J76: 0 | K76: 0 | L76: =I76+J76+K76 | M76: 0 | Q76: Ja | T76: AYT | U76: =VLOOKUP(T76,Destinations!$A$2:$C$550,2,0) | V76: WCHS | W76: =VLOOKUP(V76,'WCH Kat'!$A$1:$B$150,2,0)
A77: W4 | B77: W4 3867 | C77: 04.11.2023 | D77: 00:05 | E77: 04.11.2023 | F77: 21:40 | G77: -21.58333 | H77: Inbound | I77: 1 | J77: 0 | K77: 0 | L77: =I77+J77+K77 | M77: 0 | P77: Ja | T77: Tirana | U77: =VLOOKUP(T77,Destinations!$A$2:$C$550,2,0) | V77: WCHS | W77: =VLOOKUP(V77,'WCH Kat'!$A$1:$B$150,2,0)
A78: 3O | B78: 3O 223 | C78: 04.11.2023 | D78: 10:55 | E78: 04.11.2023 | F78: 11:15 | G78: -0.33333 | H78: Inbound | I78: 1 | J78: 0 | K78: 0 | L78: =I78+J78+K78 | M78: 0 | R78: Ja | T78: NDR | U78: =VLOOKUP(T78,Destinations!$A$2:$C$550,2,0) | V78: WCHS | W78: =VLOOKUP(V78,'WCH Kat'!$A$1:$B$150,2,0)
A79: 3O | B79: 3O 223 | C79: 04.11.2023 | D79: 10:55 | E79: 04.11.2023 | F79: 11:15 | G79: -0.33333 | H79: Inbound | I79: 1 | J79: 0 | K79: 0 | L79: =I79+J79+K79 | M79: 0 | R79: Ja | T79: NDR | U79: =VLOOKUP(T79,Destinations!$A$2:$C$550,2,0) | V79: WCHS | W79: =VLOOKUP(V79,'WCH Kat'!$A$1:$B$150,2,0)
A80: XQ | B80: XQ 1336 | C80: 04.11.2023 | D80: 18:08 | E80: 04.11.2023 | F80: 18:23 | G80: -0.25 | H80: Inbound | I80: 1 | J80: 0 | K80: 0 | L80: =I80+J80+K80 | M80: 0 | R80: Ja | T80: Zonguldak | U80: =VLOOKUP(T80,Destinations!$A$2:$C$550,2,0) | V80: WCHS | W80: =VLOOKUP(V80,'WCH Kat'!$A$1:$B$150,2,0)
A81: XQ | B81: XQ 1336 | C81: 04.11.2023 | D81: 18:08 | E81: 04.11.2023 | F81: 18:23 | G81: -0.25 | H81: Inbound | I81: 1 | J81: 0 | K81: 0 | L81: =I81+J81+K81 | M81: 0 | R81: Ja | T81: Zonguldak | U81: =VLOOKUP(T81,Destinations!$A$2:$C$550,2,0) | V81: WCHS | W81: =VLOOKUP(V81,'WCH Kat'!$A$1:$B$150,2,0)
A82: XQ | B82: XQ 1336 | C82: 04.11.2023 | D82: 18:08 | E82: 04.11.2023 | F82: 18:23 | G82: -0.25 | H82: Inbound | I82: 1 | J82: 0 | K82: 0 | L82: =I82+J82+K82 | M82: 0 | R82: Ja | T82: Zonguldak | U82: =VLOOKUP(T82,Destinations!$A$2:$C$550,2,0) | V82: WCHS | W82: =VLOOKUP(V82,'WCH Kat'!$A$1:$B$150,2,0)
A83: XQ | B83: XQ 1336 | C83: 04.11.2023 | D83: 18:08 | E83: 04.11.2023 | F83: 18:23 | G83: -0.25 | H83: Inbound | I83: 1 | J83: 0 | K83: 0 | L83: =I83+J83+K83 | M83: 0 | R83: Ja | T83: Zonguldak | U83: =VLOOKUP(T83,Destinations!$A$2:$C$550,2,0) | V83: WCHS | W83: =VLOOKUP(V83,'WCH Kat'!$A$1:$B$150,2,0)
A84: XQ | B84: XQ 1336 | C84: 04.11.2023 | D84: 18:08 | E84: 04.11.2023 | F84: 18:23 | G84: -0.25 | H84: Inbound | I84: 1 | J84: 0 | K84: 0 | L84: =I84+J84+K84 | M84: 0 | R84: Ja | T84: Zonguldak | U84: =VLOOKUP(T84,Destinations!$A$2:$C$550,2,0) | V84: WCHS | W84: =VLOOKUP(V84,'WCH Kat'!$A$1:$B$150,2,0)
A85: XQ | B85: XQ 1336 | C85: 04.11.2023 | D85: 18:08 | E85: 04.11.2023 | F85: 18:23 | G85: -0.25 | H85: Inbound | I85: 1 | J85: 0 | K85: 0 | L85: =I85+J85+K85 | M85: 0 | R85: Ja | T85: Zonguldak | U85: =VLOOKUP(T85,Destinations!$A$2:$C$550,2,0) | V85: WCHS | W85: =VLOOKUP(V85,'WCH Kat'!$A$1:$B$150,2,0)
A86: XQ | B86: XQ 1336 | C86: 04.11.2023 | D86: 18:08 | E86: 04.11.2023 | F86: 18:23 | G86: -0.25 | H86: Inbound | I86: 1 | J86: 0 | K86: 0 | L86: =I86+J86+K86 | M86: 0 | R86: Ja | T86: Zonguldak | U86: =VLOOKUP(T86,Destinations!$A$2:$C$550,2,0) | V86: WCHS | W86: =VLOOKUP(V86,'WCH Kat'!$A$1:$B$150,2,0)
A87: XQ | B87: XQ 1336 | C87: 04.11.2023 | D87: 18:08 | E87: 04.11.2023 | F87: 18:23 | G87: -0.25 | H87: Inbound | I87: 1 | J87: 0 | K87: 0 | L87: =I87+J87+K87 | M87: 0 | R87: Ja | T87: Zonguldak | U87: =VLOOKUP(T87,Destinations!$A$2:$C$550,2,0) | V87: WCHS | W87: =VLOOKUP(V87,'WCH Kat'!$A$1:$B$150,2,0)
A88: XQ | B88: XQ 1336 | C88: 04.11.2023 | D88: 18:08 | E88: 04.11.2023 | F88: 18:23 | G88: -0.25 | H88: Inbound | I88: 1 | J88: 0 | K88: 0 | L88: =I88+J88+K88 | M88: 0 | R88: Ja | T88: Zonguldak | U88: =VLOOKUP(T88,Destinations!$A$2:$C$550,2,0) | V88: WCHS | W88: =VLOOKUP(V88,'WCH Kat'!$A$1:$B$150,2,0)
A89: XQ | B89: XQ 1336 | C89: 04.11.2023 | D89: 18:08 | E89: 04.11.2023 | F89: 18:23 | G89: -0.25 | H89: Inbound | I89: 1 | J89: 0 | K89: 0 | L89: =I89+J89+K89 | M89: 0 | R89: Ja | T89: Zonguldak | U89: =VLOOKUP(T89,Destinations!$A$2:$C$550,2,0) | V89: WCHS | W89: =VLOOKUP(V89,'WCH Kat'!$A$1:$B$150,2,0)
... A96: QS | B96: QS 4464 | C96: 05.11.2023 | D96: 14:29 | E96: 05.11.2023 | F96: 14:39 | G96: -0.16667 | H96: Inbound | I96: 1 | J96: 0 | K96: 0 | L96: =I96+J96+K96 | M96: 0 | R96: Ja | T96: AUH | U96: =VLOOKUP(T96,Destinations!$A$2:$C$550,2,0) | V96: WCHS | W96: =VLOOKUP(V96,'WCH Kat'!$A$1:$B$150,2,0)
A97: QS | B97: QS 4459 | C97: 30.11.2023 | D97: 20:55 | E97: 30.11.2023 | F97: 20:09 | G97: 0.76667 | H97: Outbound | I97: 1 | J97: 0 | K97: 0 | L97: =I97+J97+K97 | M97: 0 | Q97: Ja | T97: AUH | U97: =VLOOKUP(T97,Destinations!$A$2:$C$550,2,0) | V97: WCHC | W97: =VLOOKUP(V97,'WCH Kat'!$A$1:$B$150,2,0)
A98: OR | B98: OR 9422 | C98: 05.11.2023 | D98: 20:04 | E98: 05.11.2023 | F98: 20:12 | G98: -0.13333 | H98: Inbound | I98: 1 | J98: 0 | K98: 0 | L98: =I98+J98+K98 | M98: 0 | R98: Ja | T98: Las Palmas | U98: =VLOOKUP(T98,Destinations!$A$2:$C$550,2,0) | V98: WCHS | W98: =VLOOKUP(V98,'WCH Kat'!$A$1:$B$150,2,0)
A99: OR | B99: OR 9422 | C99: 05.11.2023 | D99: 20:04 | E99: 05.11.2023 | F99: 20:12 | G99: -0.13333 | H99: Inbound | I99: 1 | J99: 0 | K99: 0 | L99: =I99+J99+K99 | M99: 0 | R99: Ja | T99: Las Palmas | U99: =VLOOKUP(T99,Destinations!$A$2:$C$550,2,0) | V99: WCHS | W99: =VLOOKUP(V99,'WCH Kat'!$A$1:$B$150,2,0)
A100: FR | B100: FR 2041 | C100: 19.11.2023 | D100: 14:30 | E100: 17.11.2023 | F100: 18:25 | G100: 44.08333 | H100: Inbound | I100: 0 | J100: 0 | K100: 0 | L100: =I100+J100+K100 | M100: 1 | N100: Ja | T100: AGA | U100: =VLOOKUP(T100,Destinations!$A$2:$C$550,2,0) | V100: WCHC,WCMP | W100: =VLOOKUP(V100,'WCH Kat'!$A$1:$B$150,2,0)
A101: W6 | B101: W6 4518 | C101: 07.11.2023 | D101: 19:25 | E101: 11.10.2023 | F101: 15:53 | G101: 651.53333 | H101: Outbound | I101: 0 | J101: 0 | K101: 0 | L101: =I101+J101+K101 | M101: 1 | N101: Ja | T101: Varna | U101: =VLOOKUP(T101,Destinations!$A$2:$C$550,2,0) | V101: WCHS | W101: =VLOOKUP(V101,'WCH Kat'!$A$1:$B$150,2,0)
A102: W6 | B102: W6 4518 | C102: 07.11.2023 | D102: 19:25 | E102: 13.10.2023 | F102: 05:37 | G102: 613.8 | H102: Outbound | I102: 0 | J102: 0 | K102: 0 | L102: =I102+J102+K102 | M102: 1 | O102: Ja | T102: Varna | U102: =VLOOKUP(T102,Destinations!$A$2:$C$550,2,0) | V102: WCHS | W102: =VLOOKUP(V102,'WCH Kat'!$A$1:$B$150,2,0)
A103: JU | B103: JU 1327 | C103: 07.11.2023 | D103: 20:50 | E103: 26.10.2023 | F103: 14:42 | G103: 294.13333 | H103: Outbound | I103: 0 | J103: 0 | K103: 0 | L103: =I103+J103+K103 | M103: 1 | O103: Ja | T103: Niš | U103: =VLOOKUP(T103,Destinations!$A$2:$C$550,2,0) | V103: WCHR | W103: =VLOOKUP(V103,'WCH Kat'!$A$1:$B$150,2,0)
A104: LH | B104: LH 1992 | C104: 08.11.2023 | D104: 23:25 | E104: 08.11.2023 | F104: 23:37 | G104: -0.2 | H104: Inbound | I104: 1 | J104: 0 | K104: 0 | L104: =I104+J104+K104 | M104: 0 | R104: Ja | T104: München | U104: =VLOOKUP(T104,Destinations!$A$2:$C$550,2,0) | V104: WCHS | W104: =VLOOKUP(V104,'WCH Kat'!$A$1:$B$150,2,0)
A105: TK | B105: TK 7712 | C105: 09.11.2023 | D105: 15:00 | E105: 09.11.2023 | F105: 15:30 | G105: -0.5 | H105: Inbound | I105: 1 | J105: 0 | K105: 0 | L105: =I105+J105+K105 | M105: 0 | R105: Ja | T105: SAW | U105: =VLOOKUP(T105,Destinations!$A$2:$C$550,2,0) | V105: WCHS | W105: =VLOOKUP(V105,'WCH Kat'!$A$1:$B$150,2,0)
A106: TK | B106: TK 7712 | C106: 09.11.2023 | D106: 15:00 | E106: 09.11.2023 | F106: 15:30 | G106: -0.5 | H106: Inbound | I106: 1 | J106: 0 | K106: 0 | L106: =I106+J106+K106 | M106: 0 | R106: Ja | T106: SAW | U106: =VLOOKUP(T106,Destinations!$A$2:$C$550,2,0) | V106: WCHS | W106: =VLOOKUP(V106,'WCH Kat'!$A$1:$B$150,2,0)
A107: FH | B107: FH 1362 | C107: 10.11.2023 | D107: 00:30 | E107: 10.11.2023 | F107: 22:30 | G107: -22 | H107: Outbound | I107: 1 | J107: 0 | K107: 0 | L107: =I107+J107+K107 | M107: 0 | R107: Ja | T107: Antalya | U107: =VLOOKUP(T107,Destinations!$A$2:$C$550,2,0) | V107: WCHS | W107: =VLOOKUP(V107,'WCH Kat'!$A$1:$B$150,2,0)
A108: W64 | B108: W64 3091 | C108: 10.11.2023 | D108: 07:27 | E108: 10.11.2023 | F108: 07:32 | G108: -0.08333 | H108: Inbound | I108: 1 | J108: 0 | K108: 0 | L108: =I108+J108+K108 | M108: 0 | R108: Ja | T108: Bukarest | U108: =VLOOKUP(T108,Destinations!$A$2:$C$550,2,0) | V108: WCHS | W108: =VLOOKUP(V108,'WCH Kat'!$A$1:$B$150,2,0)
A109: FR | B109: FR 2256 | C109: 10.11.2023 | D109: 11:50 | E109: 02.10.2023 | F109: 17:25 | G109: 930.41667 | H109: Inbound | I109: 0 | J109: 0 | K109: 0 | L109: =I109+J109+K109 | M109: 1 | P109: Ja | T109: VLC | U109: =VLOOKUP(T109,Destinations!$A$2:$C$550,2,0) | V109: BLND | W109: =VLOOKUP(V109,'WCH Kat'!$A$1:$B$150,2,0)
A110: TK | B110: TK 7760 | C110: 10.11.2023 | D110: 15:25 | E110: 10.11.2023 | F110: 16:00 | G110: -0.58333 | H110: Inbound | I110: 1 | J110: 0 | K110: 0 | L110: =I110+J110+K110 | M110: 0 | R110: Ja | T110: Ankara | U110: =VLOOKUP(T110,Destinations!$A$2:$C$550,2,0) | V110: WCHR | W110: =VLOOKUP(V110,'WCH Kat'!$A$1:$B$150,2,0)
A111: TK | B111: TK 7760 | C111: 10.11.2023 | D111: 15:25 | E111: 10.11.2023 | F111: 16:00 | G111: -0.58333 | H111: Inbound | I111: 1 | J111: 0 | K111: 0 | L111: =I111+J111+K111 | M111: 0 | R111: Ja | T111: Ankara | U111: =VLOOKUP(T111,Destinations!$A$2:$C$550,2,0) | V111: WCHR | W111: =VLOOKUP(V111,'WCH Kat'!$A$1:$B$150,2,0)
A112: TK | B112: TK 7760 | C112: 10.11.2023 | D112: 15:25 | E112: 10.11.2023 | F112: 16:00 | G112: -0.58333 | H112: Inbound | I112: 1 | J112: 0 | K112: 0 | L112: =I112+J112+K112 | M112: 0 | R112: Ja | T112: Ankara | U112: =VLOOKUP(T112,Destinations!$A$2:$C$550,2,0) | V112: WCHR | W112: =VLOOKUP(V112,'WCH Kat'!$A$1:$B$150,2,0)
A113: TK | B113: TK 7760 | C113: 10.11.2023 | D113: 15:25 | E113: 10.11.2023 | F113: 16:00 | G113: -0.58333 | H113: Inbound | I113: 1 | J113: 0 | K113: 0 | L113: =I113+J113+K113 | M113: 0 | R113: Ja | T113: Ankara | U113: =VLOOKUP(T113,Destinations!$A$2:$C$550,2,0) | V113: WCHR | W113: =VLOOKUP(V113,'WCH Kat'!$A$1:$B$150,2,0)
A114: XR | B114: XR 1056 | C114: 10.11.2023 | D114: 23:30 | E114: 09.10.2023 | F114: 13:14 | G114: 778.26667 | H114: Inbound | I114: 0 | J114: 0 | K114: 0 | L114: =I114+J114+K114 | M114: 1 | O114: Ja | T114: Teneriffa | U114: =VLOOKUP(T114,Destinations!$A$2:$C$550,2,0) | V114: WCHR | W114: =VLOOKUP(V114,'WCH Kat'!$A$1:$B$150,2,0)
A115: XQ | B115: XQ 117 | C115: 11.11.2023 | D115: 00:05 | E115: 11.11.2023 | F115: 22:09 | G115: -22.06667 | H115: Outbound | I115: 1 | J115: 0 | K115: 0 | L115: =I115+J115+K115 | M115: 0 | Q115: Ja | T115: Antalya | U115: =VLOOKUP(T115,Destinations!$A$2:$C$550,2,0) | V115: WCHR | W115: =VLOOKUP(V115,'WCH Kat'!$A$1:$B$150,2,0)
A116: W6 | B116: W6 4710 | C116: 11.11.2023 | D116: 15:15 | E116: 11.11.2023 | F116: 15:40 | G116: -0.41667 | H116: Inbound | I116: 1 | J116: 0 | K116: 0 | L116: =I116+J116+K116 | M116: 0 | R116: Ja | T116: TGD | U116: =VLOOKUP(T116,Destinations!$A$2:$C$550,2,0) | V116: WCHR | W116: =VLOOKUP(V116,'WCH Kat'!$A$1:$B$150,2,0)
A117: W6 | B117: W6 4710 | C117: 11.11.2023 | D117: 15:15 | E117: 11.11.2023 | F117: 15:40 | G117: -0.41667 | H117: Inbound | I117: 1 | J117: 0 | K117: 0 | L117: =I117+J117+K117 | M117: 0 | R117: Ja | T117: TGD | U117: =VLOOKUP(T117,Destinations!$A$2:$C$550,2,0) | V117: WCHR | W117: =VLOOKUP(V117,'WCH Kat'!$A$1:$B$150,2,0)
A118: W6 | B118: W6 4710 | C118: 11.11.2023 | D118: 15:15 | E118: 11.11.2023 | F118: 15:40 | G118: -0.41667 | H118: Inbound | I118: 1 | J118: 0 | K118: 0 | L118: =I118+J118+K118 | M118: 0 | R118: Ja | T118: TGD | U118: =VLOOKUP(T118,Destinations!$A$2:$C$550,2,0) | V118: WCHR | W118: =VLOOKUP(V118,'WCH Kat'!$A$1:$B$150,2,0)
A119: W6 | B119: W6 4710 | C119: 11.11.2023 | D119: 15:15 | E119: 11.11.2023 | F119: 15:40 | G119: -0.41667 | H119: Inbound | I119: 1 | J119: 0 | K119: 0 | L119: =I119+J119+K119 | M119: 0 | R119: Ja | T119: TGD | U119: =VLOOKUP(T119,Destinations!$A$2:$C$550,2,0) | V119: WCHR | W119: =VLOOKUP(V119,'WCH Kat'!$A$1:$B$150,2,0)
A120: TK | B120: TK 7760 | C120: 12.11.2023 | D120: 15:15 | E120: 12.11.2023 | F120: 15:50 | G120: -0.58333 | H120: Inbound | I120: 1 | J120: 0 | K120: 0 | L120: =I120+J120+K120 | M120: 0 | R120: Ja | T120: Ankara | U120: =VLOOKUP(T120,Destinations!$A$2:$C$550,2,0) | V120: WCHR | W120: =VLOOKUP(V120,'WCH Kat'!$A$1:$B$150,2,0)
A121: TK | B121: TK 7760 | C121: 12.11.2023 | D121: 15:15 | E121: 12.11.2023 | F121: 15:50 | G121: -0.58333 | H121: Inbound | I121: 1 | J121: 0 | K121: 0 | L121: =I121+J121+K121 | M121: 0 | R121: Ja | T121: Ankara | U121: =VLOOKUP(T121,Destinations!$A$2:$C$550,2,0) | V121: WCHR | W121: =VLOOKUP(V121,'WCH Kat'!$A$1:$B$150,2,0)
A122: TK | B122: TK 7760 | C122: 12.11.2023 | D122: 15:15 | E122: 12.11.2023 | F122: 15:50 | G122: -0.58333 | H122: Inbound | I122: 1 | J122: 0 | K122: 0 | L122: =I122+J122+K122 | M122: 0 | R122: Ja | T122: Ankara | U122: =VLOOKUP(T122,Destinations!$A$2:$C$550,2,0) | V122: WCHR | W122: =VLOOKUP(V122,'WCH Kat'!$A$1:$B$150,2,0)
A123: TK | B123: TK 7760 | C123: 12.11.2023 | D123: 15:15 | E123: 12.11.2023 | F123: 15:50 | G123: -0.58333 | H123: Inbound | I123: 1 | J123: 0 | K123: 0 | L123: =I123+J123+K123 | M123: 0 | R123: Ja | T123: Ankara | U123: =VLOOKUP(T123,Destinations!$A$2:$C$550,2,0) | V123: WCHR | W123: =VLOOKUP(V123,'WCH Kat'!$A$1:$B$150,2,0)
A124: TK | B124: TK 7760 | C124: 12.11.2023 | D124: 15:15 | E124: 12.11.2023 | F124: 15:50 | G124: -0.58333 | H124: Inbound | I124: 1 | J124: 0 | K124: 0 | L124: =I124+J124+K124 | M124: 0 | R124: Ja | T124: Ankara | U124: =VLOOKUP(T124,Destinations!$A$2:$C$550,2,0) | V124: WCHR | W124: =VLOOKUP(V124,'WCH Kat'!$A$1:$B$150,2,0)
A125: TK | B125: TK 7760 | C125: 12.11.2023 | D125: 15:15 | E125: 12.11.2023 | F125: 15:50 | G125: -0.58333 | H125: Inbound | I125: 1 | J125: 0 | K125: 0 | L125: =I125+J125+K125 | M125: 0 | R125: Ja | T125: Ankara | U125: =VLOOKUP(T125,Destinations!$A$2:$C$550,2,0) | V125: WCHR | W125: =VLOOKUP(V125,'WCH Kat'!$A$1:$B$150,2,0)
A126: NP | B126: NP 215 | C126: 12.11.2023 | D126: 15:30 | E126: 12.11.2023 | F126: 15:47 | G126: -0.28333 | H126: Inbound | I126: 1 | J126: 0 | K126: 0 | L126: =I126+J126+K126 | M126: 0 | R126: Ja | T126: CAI | U126: =VLOOKUP(T126,Destinations!$A$2:$C$550,2,0) | V126: WCHS | W126: =VLOOKUP(V126,'WCH Kat'!$A$1:$B$150,2,0)
A127: NP | B127: NP 215 | C127: 12.11.2023 | D127: 15:30 | E127: 12.11.2023 | F127: 15:47 | G127: -0.28333 | H127: Inbound | I127: 1 | J127: 0 | K127: 0 | L127: =I127+J127+K127 | M127: 0 | R127: Ja | T127: CAI | U127: =VLOOKUP(T127,Destinations!$A$2:$C$550,2,0) | V127: WCHS | W127: =VLOOKUP(V127,'WCH Kat'!$A$1:$B$150,2,0)
A128: FR | B128: FR 303 | C128: 12.11.2023 | D128: 23:20 | E128: 12.11.2023 | F128: 23:46 | G128: -0.43333 | H128: Inbound | I128: 1 | J128: 0 | K128: 0 | L128: =I128+J128+K128 | M128: 0 | R128: Ja | T128: LPA | U128: =VLOOKUP(T128,Destinations!$A$2:$C$550,2,0) | V128: WCHS | W128: =VLOOKUP(V128,'WCH Kat'!$A$1:$B$150,2,0)
A129: FR | B129: FR 2041 | C129: 19.11.2023 | D129: 14:55 | E129: 17.11.2023 | F129: 18:25 | G129: 44.5 | H129: Inbound | I129: 0 | J129: 0 | K129: 0 | L129: =I129+J129+K129 | M129: 1 | N129: Ja | T129: AGA | U129: =VLOOKUP(T129,Destinations!$A$2:$C$550,2,0) | V129: WCHC | W129: =VLOOKUP(V129,'WCH Kat'!$A$1:$B$150,2,0)
A130: W6 | B130: W6 4517 | C130: 14.11.2023 | D130: 19:10 | E130: 14.11.2023 | F130: 19:27 | G130: -0.28333 | H130: Inbound | I130: 1 | J130: 0 | K130: 0 | L130: =I130+J130+K130 | M130: 0 | R130: Ja | T130: Varna | U130: =VLOOKUP(T130,Destinations!$A$2:$C$550,2,0) | V130: WCHS | W130: =VLOOKUP(V130,'WCH Kat'!$A$1:$B$150,2,0)
A131: W6 | B131: W6 4517 | C131: 14.11.2023 | D131: 19:10 | E131: 14.11.2023 | F131: 19:27 | G131: -0.28333 | H131: Inbound | I131: 1 | J131: 0 | K131: 0 | L131: =I131+J131+K131 | M131: 0 | R131: Ja | T131: Varna | U131: =VLOOKUP(T131,Destinations!$A$2:$C$550,2,0) | V131: WCHS | W131: =VLOOKUP(V131,'WCH Kat'!$A$1:$B$150,2,0)
A132: W6 | B132: W6 4517 | C132: 14.11.2023 | D132: 19:10 | E132: 14.11.2023 | F132: 19:27 | G132: -0.28333 | H132: Inbound | I132: 1 | J132: 0 | K132: 0 | L132: =I132+J132+K132 | M132: 0 | R132: Ja | T132: Varna | U132: =VLOOKUP(T132,Destinations!$A$2:$C$550,2,0) | V132: WCHS | W132: =VLOOKUP(V132,'WCH Kat'!$A$1:$B$150,2,0)
A133: XR | B133: XR 1024 | C133: 14.11.2023 | D133: 22:40 | E133: 14.11.2023 | F133: 22:54 | G133: -0.23333 | H133: Inbound | I133: 1 | J133: 0 | K133: 0 | L133: =I133+J133+K133 | M133: 0 | R133: Ja | T133: Hurghada | U133: =VLOOKUP(T133,Destinations!$A$2:$C$550,2,0) | V133: WCHS | W133: =VLOOKUP(V133,'WCH Kat'!$A$1:$B$150,2,0)
A134: PC | B134: PC 1017 | C134: 15.11.2023 | D134: 14:20 | E134: 15.11.2023 | F134: 14:40 | G134: -0.33333 | H134: Inbound | I134: 1 | J134: 0 | K134: 0 | L134: =I134+J134+K134 | M134: 0 | R134: Ja | T134: SAW | U134: =VLOOKUP(T134,Destinations!$A$2:$C$550,2,0) | V134: WCHR | W134: =VLOOKUP(V134,'WCH Kat'!$A$1:$B$150,2,0)
A135: PC | B135: PC 1017 | C135: 15.11.2023 | D135: 14:20 | E135: 15.11.2023 | F135: 14:40 | G135: -0.33333 | H135: Inbound | I135: 1 | J135: 0 | K135: 0 | L135: =I135+J135+K135 | M135: 0 | R135: Ja | T135: SAW | U135: =VLOOKUP(T135,Destinations!$A$2:$C$550,2,0) | V135: WCHR | W135: =VLOOKUP(V135,'WCH Kat'!$A$1:$B$150,2,0)
A136: PC | B136: PC 1017 | C136: 15.11.2023 | D136: 14:20 | E136: 15.11.2023 | F136: 14:40 | G136: -0.33333 | H136: Inbound | I136: 1 | J136: 0 | K136: 0 | L136: =I136+J136+K136 | M136: 0 | R136: Ja | T136: SAW | U136: =VLOOKUP(T136,Destinations!$A$2:$C$550,2,0) | V136: WCHR | W136: =VLOOKUP(V136,'WCH Kat'!$A$1:$B$150,2,0)
A137: PC | B137: PC 5014 | C137: 17.11.2023 | D137: 00:25 | E137: 17.11.2023 | F137: 22:12 | G137: -21.78333 | H137: Outbound | I137: 1 | J137: 0 | K137: 0 | L137: =I137+J137+K137 | M137: 0 | Q137: Ja | T137: Antalya | U137: =VLOOKUP(T137,Destinations!$A$2:$C$550,2,0) | V137: WCHR | W137: =VLOOKUP(V137,'WCH Kat'!$A$1:$B$150,2,0)
A138: FR | B138: FR 2041 | C138: 22.11.2023 | D138: 15:20 | E138: 20.11.2023 | F138: 18:50 | G138: 44.5 | H138: Inbound | I138: 0 | J138: 0 | K138: 0 | L138: =I138+J138+K138 | M138: 1 | P138: Ja | T138: AGA | U138: =VLOOKUP(T138,Destinations!$A$2:$C$550,2,0) | V138: WCHC | W138: =VLOOKUP(V138,'WCH Kat'!$A$1:$B$150,2,0)
A139: FR | B139: FR 2814 | C139: 18.11.2023 | D139: 16:30 | E139: 18.11.2023 | F139: 17:06 | G139: -0.6 | H139: Inbound | I139: 1 | J139: 0 | K139: 0 | L139: =I139+J139+K139 | M139: 0 | R139: Ja | T139: STN | U139: =VLOOKUP(T139,Destinations!$A$2:$C$550,2,0) | V139: WCHS | W139: =VLOOKUP(V139,'WCH Kat'!$A$1:$B$150,2,0)
A140: W6 | B140: W6 4517 | C140: 18.11.2023 | D140: 19:15 | E140: 11.10.2023 | F140: 15:53 | G140: 915.36667 | H140: Inbound | I140: 0 | J140: 0 | K140: 0 | L140: =I140+J140+K140 | M140: 1 | N140: Ja | T140: Varna | U140: =VLOOKUP(T140,Destinations!$A$2:$C$550,2,0) | V140: WCHS | W140: =VLOOKUP(V140,'WCH Kat'!$A$1:$B$150,2,0)
A141: W6 | B141: W6 4517 | C141: 18.11.2023 | D141: 19:15 | E141: 13.10.2023 | F141: 05:38 | G141: 877.61667 | H141: Inbound | I141: 0 | J141: 0 | K141: 0 | L141: =I141+J141+K141 | M141: 1 | O141: Ja | T141: Varna | U141: =VLOOKUP(T141,Destinations!$A$2:$C$550,2,0) | V141: WCHS | W141: =VLOOKUP(V141,'WCH Kat'!$A$1:$B$150,2,0)
A142: FR | B142: FR 5715 | C142: 19.11.2023 | D142: 00:42 | E142: 19.11.2023 | F142: 00:54 | G142: -0.2 | H142: Inbound | I142: 1 | J142: 0 | K142: 0 | L142: =I142+J142+K142 | M142: 0 | R142: Ja | T142: Thessaloniki | U142: =VLOOKUP(T142,Destinations!$A$2:$C$550,2,0) | V142: WCHS | W142: =VLOOKUP(V142,'WCH Kat'!$A$1:$B$150,2,0)
A143: W6 | B143: W6 4091 | C143: 19.11.2023 | D143: 17:50 | E143: 19.11.2023 | F143: 18:13 | G143: -0.38333 | H143: Inbound | I143: 1 | J143: 0 | K143: 0 | L143: =I143+J143+K143 | M143: 0 | R143: Ja | T143: Belgrad | U143: =VLOOKUP(T143,Destinations!$A$2:$C$550,2,0) | V143: MAAS | W143: =VLOOKUP(V143,'WCH Kat'!$A$1:$B$150,2,0)
A144: FR | B144: FR 5277 | C144: 19.11.2023 | D144: 19:00 | E144: 10.10.2023 | F144: 18:24 | G144: 960.6 | H144: Inbound | I144: 0 | J144: 0 | K144: 0 | L144: =I144+J144+K144 | M144: 1 | O144: Ja | T144: Palermo | U144: =VLOOKUP(T144,Destinations!$A$2:$C$550,2,0) | V144: MAAS | W144: =VLOOKUP(V144,'WCH Kat'!$A$1:$B$150,2,0)
A145: FH | B145: FH 1362 | C145: 20.11.2023 | D145: 00:30 | E145: 20.11.2023 | F145: 21:33 | G145: -21.05 | H145: Outbound | I145: 1 | J145: 0 | K145: 0 | L145: =I145+J145+K145 | M145: 0 | R145: Ja | T145: AYT | U145: =VLOOKUP(T145,Destinations!$A$2:$C$550,2,0) | V145: WCHS | W145: =VLOOKUP(V145,'WCH Kat'!$A$1:$B$150,2,0)
A146: SM | B146: SM 2918 | C146: 22.11.2023 | D146: 00:05 | E146: 22.11.2023 | F146: 20:08 | G146: -20.05 | H146: Inbound | I146: 1 | J146: 0 | K146: 0 | L146: =I146+J146+K146 | M146: 0 | P146: Ja | T146: Hurghada | U146: =VLOOKUP(T146,Destinations!$A$2:$C$550,2,0) | V146: WCHR | W146: =VLOOKUP(V146,'WCH Kat'!$A$1:$B$150,2,0)
A147: NP | B147: NP 215 | C147: 22.11.2023 | D147: 10:02 | E147: 08.07.2016 | F147: 02:57 | G147: 64639.083 | H147: Inbound | I147: 0 | J147: 0 | K147: 0 | L147: =I147+J147+K147 | M147: 1 | R147: Ja | T147: CAI | U147: =VLOOKUP(T147,Destinations!$A$2:$C$550,2,0) | V147: WCHS | W147: =VLOOKUP(V147,'WCH Kat'!$A$1:$B$150,2,0)
A148: XQ | B148: XQ 753 | C148: 22.11.2023 | D148: 10:02 | E148: 11.08.2022 | F148: 02:40 | G148: 11239.367 | H148: Outbound | I148: 0 | J148: 0 | K148: 0 | L148: =I148+J148+K148 | M148: 1 | R148: Ja | T148: Kayseri | U148: =VLOOKUP(T148,Destinations!$A$2:$C$550,2,0) | V148: WCHR | W148: =VLOOKUP(V148,'WCH Kat'!$A$1:$B$150,2,0)
A149: FR | B149: FR 2041 | C149: 26.11.2023 | D149: 14:20 | E149: 24.11.2023 | F149: 18:30 | G149: 43.83333 | H149: Inbound | I149: 0 | J149: 0 | K149: 0 | L149: =I149+J149+K149 | M149: 1 | N149: Ja | T149: AGA | U149: =VLOOKUP(T149,Destinations!$A$2:$C$550,2,0) | V149: WCHC | W149: =VLOOKUP(V149,'WCH Kat'!$A$1:$B$150,2,0)
A150: W4 | B150: W4 8251 | C150: 22.11.2023 | D150: 10:45 | E150: 22.11.2023 | F150: 11:03 | G150: -0.3 | H150: Inbound | I150: 1 | J150: 0 | K150: 0 | L150: =I150+J150+K150 | M150: 0 | R150: Ja | T150: Rom | U150: =VLOOKUP(T150,Destinations!$A$2:$C$550,2,0) | V150: WCHS | W150: =VLOOKUP(V150,'WCH Kat'!$A$1:$B$150,2,0)
A151: W4 | B151: W4 8251 | C151: 22.11.2023 | D151: 10:45 | E151: 22.11.2023 | F151: 11:03 | G151: -0.3 | H151: Inbound | I151: 1 | J151: 0 | K151: 0 | L151: =I151+J151+K151 | M151: 0 | R151: Ja | T151: Rom | U151: =VLOOKUP(T151,Destinations!$A$2:$C$550,2,0) | V151: WCHS | W151: =VLOOKUP(V151,'WCH Kat'!$A$1:$B$150,2,0)
A152: EW | B152: EW 581 | C152: 23.11.2023 | D152: 18:00 | E152: 23.11.2023 | F152: 18:15 | G152: -0.25 | H152: Inbound | I152: 1 | J152: 0 | K152: 0 | L152: =I152+J152+K152 | M152: 0 | R152: Ja | T152: Palma | U152: =VLOOKUP(T152,Destinations!$A$2:$C$550,2,0) | V152: WCHR | W152: =VLOOKUP(V152,'WCH Kat'!$A$1:$B$150,2,0)
A153: EW | B153: EW 581 | C153: 23.11.2023 | D153: 18:00 | E153: 23.11.2023 | F153: 18:15 | G153: -0.25 | H153: Inbound | I153: 1 | J153: 0 | K153: 0 | L153: =I153+J153+K153 | M153: 0 | R153: Ja | T153: Palma | U153: =VLOOKUP(T153,Destinations!$A$2:$C$550,2,0) | V153: WCHR | W153: =VLOOKUP(V153,'WCH Kat'!$A$1:$B$150,2,0)
A154: PC | B154: PC 5013 | C154: 23.11.2023 | D154: 23:30 | E154: 23.11.2023 | F154: 23:36 | G154: -0.1 | H154: Inbound | I154: 1 | J154: 0 | K154: 0 | L154: =I154+J154+K154 | M154: 0 | R154: Ja | T154: Antalya | U154: =VLOOKUP(T154,Destinations!$A$2:$C$550,2,0) | V154: WCHS | W154: =VLOOKUP(V154,'WCH Kat'!$A$1:$B$150,2,0)
...
